id,passageId,questionTypeId,question,potentialAnswers,correctAnswers,Question Type
111,357,1,"Which word was at the end of this line: ""Hop like a _______.""","[""Snake"", ""Bunny"", ""Horse"", ""Frog""]","[""Bunny""]",Literal
112,357,1,Which animal is in the story?,"[""Snail"", ""Cat"", ""Snake"", ""Bird""]","[""Snake""]",Literal
115,357,1,Where is the child playing?,"[""School"", ""Playground"", ""Forest"", ""Beach""]","[""Playground""]",Literal
141,288,1,What happened first in the story?,"[""The little girl looked up at the big rock."", ""The little girl asked, \""How am I going to make a rock sing?\"""", ""The little girl played drums on the rock."", ""The little girl kicked the rock.""]","[""The little girl looked up at the big rock.""]",Literal
175,1,1,Zeus turned lo into ______.,"[""his wife."", ""a cat."", ""a pig."", ""a cow.""]","[""a cow.""]",Literal
496,355,1,Where does bunny live?,"[""On the deck"", ""In a cage"", ""In the garden"", ""In a shed""]","[""In a cage""]",Literal
497,355,1,What is a good lunch for bunny?,"[""Tomatoes"", ""Flowers"", ""Sticks"", ""Carrots""]","[""Carrots""]",Literal
498,355,3,Put the events of the story in the correct order:,"[""Bunny hops into the garden. Hop. Hop. Hop."", ""Bunny eats a flower. Munch. Munch. Munch."", ""Bunny eats a tomato. Chomp. Chomp. Chomp."", ""I pick a carrot from the garden. “Now that is a good lunch,” says bunny.""]","[""Bunny hops into the garden. Hop. Hop. Hop."", ""Bunny eats a flower. Munch. Munch. Munch."", ""Bunny eats a tomato. Chomp. Chomp. Chomp."", ""I pick a carrot from the garden. “Now that is a good lunch,” says bunny.""]",Literal
499,355,1,How does the author create a rhythm through the story?,"[""By repeating a word three times at the end of every second line."", ""By using rhyming pairs."", ""By using a string of words that all start with the same sound."", ""By using a string of words that all have the same vowel sound.""]","[""By repeating a word three times at the end of every second line.""]",Literal
500,355,1,"If bunny was given a stick, a flower, a tomato, and a carrot all side by side, which do you think he would choose to eat?","[""The carrot"", ""The stick"", ""The tomato"", ""The flower""]","[""The carrot""]",Literal
1178,4,4,Which two words from the passage are synonyms? Select both.,"[""Dark"", ""Rage"", ""White"", ""Anger""]","[""Rage"", ""Anger""]",Literal
1179,4,3,Put these events in the order they happened.,"[""Zeus was angry."", ""Zeus threw a lightning bolt down to Earth."", ""The sky flashed white."", ""Humans looked up in fear.""]","[""Zeus was angry."", ""Zeus threw a lightning bolt down to Earth."", ""The sky flashed white."", ""Humans looked up in fear.""]",Literal
1196,1,1,"What does the word ""whispered"" mean?","[""To speak in a normal voice."", ""To speak in a loud voice."", ""To shout."", ""To speak softly and quietly.""]","[""To speak softly and quietly.""]",Literal
1197,1,1,Which question could NOT be answered by reading this passage?,"[""What did Zeus turn lo into?"", ""How did Zeus speak to lo?"", ""What is Zeus' wife's name?"", ""Both A and B.""]","[""What is Zeus' wife's name?""]",Literal
1506,273,1,"What aspects of this passage make it ""fantasy""?","[""The story contains a broom."", ""The story contains a broom that comes to life."", ""The story contains a talking broom."", ""Both B and C.""]","[""Both B and C.""]",Literal
1565,262,1,Which description does NOT apply to the elf?,"[""Likes climbing trees."", ""Makes toys."", ""Was in the tree."", ""Bad at climbing trees.""]","[""Likes climbing trees.""]",Literal
1575,265,1,True or False: Cody was trying to catch the thief alone.,"[""True"", ""False""]","[""False""]",Literal
1834,288,1,The little girl DID NOT _________.,"[""Hum to the rock"", ""Kick the rock"", ""Play drums on the rock"", ""Sit on the rock""]","[""Sit on the rock""]",Literal
1835,288,1,What did the little girl want the rock to do?,"[""Sing"", ""Dance"", ""Tell a story"", ""Roll over""]","[""Sing""]",Literal
1838,288,1,What happened first in the story?,"[""The little girl looked up at the big rock."", ""The little girl asked, \""How am I going to make a rock sing?\"""", ""The little girl played drums on the rock."", ""The little girl kicked the rock.""]","[""The little girl looked up at the big rock.""]",Literal
1839,288,1,What is the same about the end of each part of the story?,"[""All the last words rhyme."", ""They all end with \""the big rock just sat there.\"""", ""All words in the last sentence start with the same letter."", ""They all describe what the girl is doing.""]","[""They all end with \""the big rock just sat there.\""""]",Literal
1937,3,1,"Which word is an antonym for ""screamed""?","[""Shouted"", ""Said"", ""Sang"", ""Whispered""]","[""Whispered""]",Literal
2023,271,1,"Choose the correct word to finish this sentence from the passage: ""The great oak tree looked down at the small wizard in his pointy _____.""","[""Hoodie"", ""Hat"", ""Boots"", ""Cloak""]","[""Hat""]",Literal
2249,2,1,Why did the book's pages flutter?,"[""Because there was a breeze."", ""Because the book was trying to get someone's attention."", ""Because the book was trying to fly away."", ""Because the book had fallen off of a high shelf.""]","[""Because the book was trying to get someone's attention.""]",Literal
2487,295,1,Which description of Marcie’s secrets box is NOT correct? ,"[""It was a shoebox."", ""It was blue and red."", ""It had her name on it."", ""Something inside the box was missing.""]","[""It was blue and red.""]",Literal
2488,295,1,True or false: Marcie's mood ring was missing.,"[""True"", ""False""]","[""False""]",Literal
5628,833,1,What is the main character's name?,"[""Stacey"", ""Macy"", ""The river"", ""It is impossible to know""]","[""It is impossible to know""]",Literal
5629,833,1,What is the setting of this scene?,"[""A hallway"", ""A backyard"", ""A river"", ""A classroom""]","[""A river""]",Literal
5632,836,1,How many characters are in this scene?,"[""1"", ""2"", ""3"", ""4""]","[""2""]",Literal
5633,836,1,Where does this scene take place?,"[""A house"", ""A cave"", ""A lighthouse"", ""It is impossible to know""]","[""A cave""]",Literal
5637,837,1,Who is the main character of this story?,"[""Sam"", ""Sab"", ""San"", ""Sal""]","[""Sal""]",Literal
5638,837,1,Why did the trees shake and the ground rumble?,"[""The wind was blowing."", ""The stampede was coming."", ""There was an earthquake."", ""There was an explosion.""]","[""The stampede was coming.""]",Literal
5641,837,4,"Which words could replace ""yelled"" in this passage? Select all that apply.","[""Cried"", ""Stated"", ""Screamed"", ""Roared""]","[""Cried"", ""Screamed"", ""Roared""]",Literal
5642,840,4,Who are the characters in this story? Select all that apply.,"[""Sam"", ""The lion"", ""The grass"", ""Through""]","[""Sam"", ""The lion""]",Literal
5645,840,1,Which word pairs start with the same sound?,"[""Sam saw"", ""The lion"", ""Through the"", ""And the""]","[""Sam saw""]",Literal
5646,840,1,How do the first two words of this passage match the last two words?,"[""They are exactly the same, in the same order."", ""They are exactly the same, in reverse order."", ""They rhyme with each other."", ""They do not match at all.""]","[""They are exactly the same, in reverse order.""]",Literal
5647,841,4,Who are the characters in this story? Select all that apply.,"[""The map"", ""Bri"", ""Rob"", ""Rob's heart"", ""The hidden treasure""]","[""Bri"", ""Rob""]",Literal
5651,841,1,What does Rob's mom say?,"[""They should go right."", ""They should go left."", ""Rob is always right."", ""Rob's heart is full of hidden treasure.""]","[""Rob's heart is full of hidden treasure.""]",Literal
5656,848,1,What was Silas doing?,"[""following a trail in a forest"", ""following a trail of paw prints"", ""following a person that he could see the entire time"", ""following a trail of footprints""]","[""following a trail of footprints""]",Literal
5660,848,4,Where were there footprints? Select all that apply.,"[""On the thief"", ""On the path"", ""Around the corner"", ""On the door"", ""On the steps""]","[""On the path"", ""Around the corner"", ""On the steps""]",Literal
5661,846,1,True or False: Jen knows where the crime scene is.,"[""True"", ""False""]","[""False""]",Literal
5662,846,4,Where does Jen think she should look for clues? Select all that apply.,"[""In a tree"", ""In the closet"", ""Under her bed"", ""At the crime scene""]","[""In a tree"", ""In the closet"", ""Under her bed"", ""At the crime scene""]",Literal
5664,846,1,Which of the following sentences is NOT a question?,"[""\""Where do I look for clues?\"""", ""\""In a tree?\"""", ""\""In a closet?\"""", ""\""Under the bed?\"""", ""\""I don't even know where the crime scene is!\""""]","[""\""I don't even know where the crime scene is!\""""]",Literal
5666,849,1,What was Gabby doing?,"[""Looking for a golden ring"", ""Trying to hide a golden ring"", ""Practicing her swim moves"", ""Playing in the waves""]","[""Looking for a golden ring""]",Literal
5667,849,1,Where does this story take place?,"[""In the air"", ""In a tree"", ""Underground"", ""Underwater""]","[""Underwater""]",Literal
5673,851,1,"Which sense does the word ""CRASH"" relate to?","[""Sight"", ""Sound"", ""Smell"", ""Taste""]","[""Sound""]",Literal
5675,851,1,Which character tripped and dropped the flashlight?,"[""Levi"", ""David"", ""Other""]","[""David""]",Literal
5678,852,1,Which word does Arra keep repeating when answering Ms. Lim's questions?,"[""Arra"", ""Do"", ""Yes"", ""No""]","[""No""]",Literal
5681,858,1,Who is the main character of this story?,"[""The sun"", ""The lion"", ""The sky"", ""A mirror""]","[""The lion""]",Literal
5683,858,1,"Which word could best replace ""proud"" in this sentence? ""The proud lion looked up at the sun.""","[""Noble"", ""Cocky"", ""Shy"", ""Stupid""]","[""Cocky""]",Literal
5684,858,3,Put the lion's phrases into the correct order from the story.,"[""\""The sun looks just like me!\"""", ""\""The sky must be nothing more than a mirror.\"""", ""\""A mirror to reflect all my beauty!\""""]","[""\""The sun looks just like me!\"""", ""\""The sky must be nothing more than a mirror.\"""", ""\""A mirror to reflect all my beauty!\""""]",Literal
5685,858,1,Which word best describes how the lion sees himself?,"[""Ugly"", ""Cocky"", ""Beautiful"", ""Humble""]","[""Beautiful""]",Literal
5687,859,1,"What makes the words ""mushy mess"" sound good together?","[""They have the same vowel sound."", ""They have the same starting sound."", ""They have the same ending sound."", ""They rhyme.""]","[""They have the same starting sound.""]",Literal
5689,859,4,"Fill in the blanks: On the outside, the cactus seems ______ and _______.","[""Mushy"", ""Mess"", ""Sharp"", ""Prickly""]","[""Sharp"", ""Prickly""]",Literal
5690,859,1,Who is speaking in this scene?,"[""The narrator"", ""An unnamed character"", ""The cactus"", ""The porcupine""]","[""The cactus""]",Literal
5691,863,1,"Based on the title, what is this story likely about?","[""The rise of dragons"", ""How our world began"", ""A child named \""Shadow\"""", ""How shadows came to be""]","[""How shadows came to be""]",Literal
5692,863,3,Put the sentences from the story into the correct order.,"[""There used to be a shadow world."", ""It was not part of our world."", ""But one day all that changed.""]","[""There used to be a shadow world."", ""It was not part of our world."", ""But one day all that changed.""]",Literal
5693,863,1,"In this story, where did shadows come from?","[""The shadow world"", ""Our world"", ""The daytime"", ""None of the above""]","[""The shadow world""]",Literal
5694,863,1,"In the story, why did shadows become part of our world?","[""Because they wanted to take over."", ""Because they wanted to be with us."", ""Because they didn't like the shadow world."", ""It does not say.""]","[""It does not say.""]",Literal
5696,864,4,What did the marble look like? Select all that apply.,"[""It was a light color."", ""It had a streak of yellow."", ""It was smooth."", ""It was made of glass.""]","[""It had a streak of yellow."", ""It was smooth."", ""It was made of glass.""]",Literal
5697,864,1,Who was looking at the marble?,"[""The cat"", ""The marble"", ""The girl"", ""The bat""]","[""The cat""]",Literal
5699,864,1,Which word describes how the marble would feel to the touch?,"[""Smooth"", ""Glass"", ""Yellow"", ""Winked""]","[""Smooth""]",Literal
5703,865,1,Which phrase from the story is repeated 3 times?,"[""\""The ox liked\"""", ""\""Loooooooong talks\"""", ""\""So the ox\"""", ""\""But the other oxen\""""]","[""\""The ox liked\""""]",Literal
5706,866,4,Who did NOT answer the chimp's question? Select all that apply.,"[""The sky"", ""The bat"", ""The tree""]","[""The sky"", ""The tree""]",Literal
5708,866,1,Who is the main character in this story?,"[""The chimp"", ""The sky"", ""The tree"", ""The bat""]","[""The chimp""]",Literal
5709,866,4,What do the chimp and the bat have in common? Select all that apply.,"[""They are both monkeys."", ""They are both bats."", ""They are both animals."", ""They are both \""hanging.\""""]","[""They are both animals."", ""They are both \""hanging.\""""]",Literal
5710,869,1,What did the spell do?,"[""Lock all the doors."", ""Unlock all the doors."", ""Show which door to open."", ""Show which door was locked.""]","[""Unlock all the doors.""]",Literal
5714,869,3,Put the events of the story into the correct order.,"[""He cast the spell."", ""There was a loud WHOOSH."", ""All the locked doors sprang open!""]","[""He cast the spell."", ""There was a loud WHOOSH."", ""All the locked doors sprang open!""]",Literal
5715,870,1,What is the problem in this story?,"[""The dragon thinks the knight cannot defeat her."", ""The knight wants to slay the dragon."", ""The knight is angry that the dragon came to his place."", ""The dragon is angry that the knight came to her place.""]","[""The dragon is angry that the knight came to her place.""]",Literal
5717,870,1,"Who said: ""You should not have come here. This place is ours.”?","[""The knight"", ""The dragon"", ""A third character"", ""It is impossible to know""]","[""The dragon""]",Literal
5718,870,1,Which sentence gives details about what the dragon looks like?,"[""\""Her large yellow eye was as tall as the knight.\"""", ""\""The dragon bent down.\"""", ""\""Then she said: 'You should not have come here. This place is ours.'”"", ""\""She looked at him.\""""]","[""\""Her large yellow eye was as tall as the knight.\""""]",Literal
5720,872,4,Who are the characters in this story? Select all that apply.,"[""Clemt"", ""The ring"", ""The power"", ""The wizard""]","[""Clemt"", ""The wizard""]",Literal
5721,872,1,Where did Clemt put the ring?,"[""On his finger"", ""He gave it to the wizard"", ""In his pocket"", ""It disappeared""]","[""In his pocket""]",Literal
5722,872,4,Which details tell us this is a story about magic? Select all that apply.,"[""There is a ring with special powers."", ""Clemt asks a question."", ""There is a wizard."", ""A man suddenly disappears.""]","[""There is a ring with special powers."", ""There is a wizard."", ""A man suddenly disappears.""]",Literal
5723,872,1,What does Clemt want to know?,"[""How to use the ring"", ""When to use the ring"", ""Who the wizard is"", ""What he is supposed to do""]","[""When to use the ring""]",Literal
5725,875,1,Was is unusual about the rain on planet Plimp?,"[""It rains a lot."", ""It never rains."", ""It rains underwear."", ""It rains socks.""]","[""It rains socks.""]",Literal
5726,875,1,Which setting (place) is this story about?,"[""Planet Earth"", ""Planet Plimp"", ""Planet Plump"", ""Planet Sock""]","[""Planet Plimp""]",Literal
5729,875,1,What happens on a GOOD day on planet Plimp?,"[""It doesn't rain."", ""It rains clean socks."", ""It rains dirty socks."", ""It rains water.""]","[""It rains clean socks.""]",Literal
5730,876,1,Who built the robot?,"[""The robot"", ""Elsie"", ""Wendy"", ""None of the above""]","[""Wendy""]",Literal
5731,876,4,What does Wendy believe about her robot? Select all that apply.,"[""That it will help cure disease."", ""That it will change the world."", ""That it is the best."", ""That it is the shiniest."", ""That it is the biggest.""]","[""That it will change the world."", ""That it is the best."", ""That it is the biggest.""]",Literal
5734,876,3,Put the events of this scene into the correct order.,"[""Wendy brags about her robot."", ""Elsie asks what the robot does."", ""Wendy replies that she doesn't know."", ""Wendy turns the robot on. ""]","[""Wendy brags about her robot."", ""Elsie asks what the robot does."", ""Wendy replies that she doesn't know."", ""Wendy turns the robot on. ""]",Literal
5735,881,1,Who does Tlonk think is an alien?,"[""Tlonk"", ""Mina"", ""Everyone else on their planet"", ""Nobody""]","[""Mina""]",Literal
5737,881,1,What does Mina think about Tlonk saying she's an alien?,"[""She thinks it's mean."", ""She thinks it's true."", ""She thinks it's funny."", ""She thinks it's offensive.""]","[""She thinks it's funny.""]",Literal
5742,882,1,Who works at the lab?,"[""Perry"", ""Dr. Gupta"", ""Both of them"", ""Neither of them""]","[""Dr. Gupta""]",Literal
5743,882,1,"Who said, ""A test on alien brains?","[""Dr. Gupta"", ""Perry"", ""An alien"", ""The narrator""]","[""Dr. Gupta""]",Literal
5744,883,4,Which words describe the rocket? Select all that apply.,"[""Tall"", ""Shiny"", ""Fast"", ""Blue"", ""Flat"", ""Red""]","[""Tall"", ""Shiny"", ""Fast"", ""Red""]",Literal
5745,883,1,Who is the main character of this story?,"[""Mars"", ""The tallest building Dawn had seen"", ""The red rocket"", ""Dawn""]","[""Dawn""]",Literal
5747,883,1,"Which feature of the rocket does this sentence tell us about? ""Taller than the tallest building Dawn had seen.""","[""Its size"", ""Its shape"", ""Its color"", ""Its weight""]","[""Its size""]",Literal
5749,884,4,Which of these facts are true about Rob? Select all that apply.,"[""Rob is a human."", ""Rob is a robot."", ""Rob makes robots at work."", ""Rob makes toast at work.""]","[""Rob is a robot."", ""Rob makes robots at work.""]",Literal
5751,884,3,Put Rob's morning routine into the correct order.,"[""Rob wakes himself up."", ""Rob makes himself toast."", ""Rob rolls to work.""]","[""Rob wakes himself up."", ""Rob makes himself toast."", ""Rob rolls to work.""]",Literal
5753,884,1,"What is the same about all three of these sentences? ""Rob woke himself up. Rob made himself toast. Rob rolled to work.""","[""They all use the word \""himself.\"""", ""They all start with the same word."", ""They all end with the same word."", ""They all have the same number of syllables (beats).""]","[""They all start with the same word.""]",Literal
5754,885,4,Which facts are true about the flame in the story? Select all that apply.,"[""It was small."", ""It was very hot."", ""It never, ever went out."", ""It was blue.""]","[""It was small."", ""It never, ever went out.""]",Literal
5759,887,1,What is the problem in this story?,"[""The boy wants to pass over the troll's bridge, but the troll won't let him."", ""The troll wants to pass over the boy's bridge, but the boy won't let him."", ""The troll and the boy want to pass over a bridge, but they have to answer a riddle first."", ""The boy and the troll can't remember the riddle they wrote.""]","[""The boy wants to pass over the troll's bridge, but the troll won't let him.""]",Literal
5762,887,1,What is the troll trying to do at the end of this passage?,"[""Tell the boy a riddle"", ""Fight the boy"", ""Remember his riddle"", ""Take a test""]","[""Remember his riddle""]",Literal
5764,888,1,What is this passage about?,"[""A witch casting a spell."", ""A witch making a magic stew."", ""A woman cooking dinner."", ""A woman fixing old clothes.""]","[""A witch making a magic stew.""]",Literal
5766,888,3,Put the items into the order in which the witch added them to the stew.,"[""A small stone"", ""A blade of grass "", ""An old boot"", ""A witch's hat""]","[""A small stone"", ""A blade of grass "", ""An old boot"", ""A witch's hat""]",Literal
5770,889,1,What is the same about the first three sentences of this text?,"[""They all start with the phrase, \""Everyone came to see the girl...\"""", ""They all start with the phrase, \""People came from...\"""", ""They all rhyme."", ""They all end with the same word.""]","[""They all start with the phrase, \""People came from...\""""]",Literal
5771,889,1,Why did so many people come to see the girl?,"[""Because her hair wouldn't stop growing."", ""Because she didn't have any hair."", ""Because she had the power to make other people's hair grow."", ""Because she had magic powers.""]","[""Because her hair wouldn't stop growing.""]",Literal
5774,892,1,Who was cursed?,"[""The swan"", ""The queen"", ""Both"", ""Neither""]","[""The swan""]",Literal
5775,892,1,Who lifted the curse?,"[""The swan"", ""The queen"", ""Both"", ""Neither""]","[""The queen""]",Literal
5777,892,1,Who is the main character of this story?,"[""The swan"", ""The queen"", ""The bread"", ""None of the above""]","[""The queen""]",Literal
5778,892,3,Put the queen's actions into their correct order.,"[""She chose to be kind."", ""She gave the swan some bread."", ""She lifted the swan's head."", ""She broke the curse.""]","[""She chose to be kind."", ""She gave the swan some bread."", ""She lifted the swan's head."", ""She broke the curse.""]",Literal
5779,894,4,Which characters are in this scene? Select all that apply.,"[""Milo's brother"", ""Milo"", ""Naya"", ""Paul"", ""The ghosts""]","[""Milo"", ""Naya"", ""Paul""]",Literal
5781,894,1,Why don't they want to go near the house?,"[""Because someone mean lives there."", ""Because they think it's haunted."", ""Because their parents told them not to."", ""Because they think a monster lives there.""]","[""Because they think it's haunted.""]",Literal
5784,896,4,Which details describe the lady next door? Select all that apply.,"[""Has thick, tangled hair"", ""Wears dark glasses"", ""Wears big, heavy boots"", ""Has long, sharp nails""]","[""Wears dark glasses"", ""Has long, sharp nails""]",Literal
5787,896,4,Which adjective(s) (words that describe nouns) describes the lady's nails?,"[""Dark"", ""Sharp"", ""Odd"", ""Long""]","[""Sharp"", ""Long""]",Literal
5788,896,4,"What do all three of these sentences have in common? ""She has long, sharp nails. She drags her heels. She wears dark glasses."" Select all that apply.","[""They all begin with the same word."", ""They all end with the same word."", ""They are all questions."", ""They all describe the lady next door.""]","[""They all begin with the same word."", ""They all describe the lady next door.""]",Literal
5797,898,1,How big did the shadow grow to be?,"[""The size of the house"", ""The size of the town"", ""The size of a car"", ""The size of the world""]","[""The size of the town""]",Literal
5798,898,1,What is this story about?,"[""A spooky town."", ""A town that wouldn't stop growing."", ""A garden that wouldn't stop growing."", ""A shadow that wouldn't stop growing.""]","[""A shadow that wouldn't stop growing.""]",Literal
5800,899,1,Why is it strange that someone giggled?,"[""Because Tim was not trying to be funny."", ""Because nobody in this story can laugh."", ""Because Tim hates giggles."", ""Because Tim thought he was alone.""]","[""Because Tim thought he was alone.""]",Literal
5802,899,3,Put Tim's actions into the order in which they are written.,"[""Tim walked."", ""Tim talked."", ""Tim sang."", ""Tim joked.""]","[""Tim walked."", ""Tim talked."", ""Tim sang."", ""Tim joked.""]",Literal
5803,899,4,Which actions did Tim do? Select all that apply.,"[""Walked"", ""Giggled"", ""Sang"", ""Joked""]","[""Walked"", ""Sang"", ""Joked""]",Literal
5809,901,3,Put Kay's actions into the correct order.,"[""Kay clipped in her helmet."", ""Kay snapped on her gloves."", ""Kay pulled up her socks."", ""Kay tied on her mask.""]","[""Kay clipped in her helmet."", ""Kay snapped on her gloves."", ""Kay pulled up her socks."", ""Kay tied on her mask.""]",Literal
5812,901,1,What was Kay getting ready for?,"[""An adventure"", ""A sports match"", ""A battle"", ""She didn't know""]","[""She didn't know""]",Literal
5813,901,1,Who is the main character of this story?,"[""May"", ""Kate"", ""Kay"", ""Klay""]","[""Kay""]",Literal
5815,902,1,Who is the main character in this story?,"[""Amir"", ""The pitcher"", ""The narrator"", ""The bat""]","[""Amir""]",Literal
5818,902,1,Which position is Amir playing?,"[""Pitcher"", ""Batter"", ""First-base"", ""Catcher""]","[""Batter""]",Literal
5822,903,1,"When Aida says, ""You want me to ride this thing,"" what is the ""thing""?","[""The horse"", ""The building"", ""The elevator"", ""The ferris wheel""]","[""The horse""]",Literal
5828,881,4,Who is having this conversation? Select all that apply.,"[""Zonk"", ""Tlonk"", ""Nina"", ""Mina""]","[""Tlonk"", ""Mina""]",Literal
5830,905,1,What is the problem in this story?,"[""Jing is stuck under a tree."", ""Jing is stuck hanging from a tree branch."", ""Jing is stuck on the roof."", ""Jing is stuck on the fence.""]","[""Jing is stuck hanging from a tree branch.""]",Literal
5834,906,1,What are these boys doing?,"[""Eating candy"", ""Trick-or-treating"", ""Trading candy"", ""Making candy""]","[""Trading candy""]",Literal
5835,906,3,"Match the character to the way they sort their candy.

1. Toby
2. Youssef","[""By type"", ""By color""]","[""By type"", ""By color""]",Literal
5836,906,4,Which types of candy does Toby have? Select all that apply.,"[""Caramels"", ""Jujubes"", ""Lollipops"", ""Gum"", ""Chocolates"", ""Sour keys""]","[""Caramels"", ""Lollipops"", ""Gum"", ""Chocolates""]",Literal
5838,906,1,Which color of candy does Youssef NOT have? ,"[""Orange"", ""Red"", ""Green"", ""Purple"", ""Blue""]","[""Green""]",Literal
5869,923,1,From which culture does the myth of Bragi come?,"[""Greek"", ""Egyptian"", ""Roman"", ""Norse""]","[""Norse""]",Literal
5870,923,1,Bragi is the god of which of the following?,"[""Bragging"", ""Poetry"", ""Norse"", ""Painting""]","[""Poetry""]",Literal
5872,923,1,Bragi is a ___________.,"[""human"", ""god"", ""dog"", ""poem""]","[""god""]",Literal
5873,923,1,"What does the word ""myth"" mean?","[""a very old culture or people"", ""anything magical"", ""a cultural story that often involves magic or the supernatural"", ""a very long story""]","[""a cultural story that often involves magic or the supernatural""]",Literal
5874,924,1,From which culture does the story of Tyr come?,"[""Norse"", ""Egyptian"", ""Roman"", ""Greek""]","[""Norse""]",Literal
5875,924,1,Of what is Tyr the god?,"[""poetry"", ""mythology"", ""war"", ""Norse""]","[""war""]",Literal
6135,929,1,What is the topic of this passage?,"[""Sound in space"", ""Spaceships"", ""Sound effects"", ""Ears""]","[""Sound in space""]",Literal
6137,929,1,"Why do the words ""silent"" and ""space"" in the title sound good together?","[""Because they rhyme"", ""Because they have the same vowel sound"", ""Because they have the same starting sound"", ""Because they have the same ending sound""]","[""Because they have the same starting sound""]",Literal
6140,932,4,"Based on the text, what are the uses for the air tubes in a dog's nose? Select all that apply.","[""To bark"", ""To smell"", ""To eat"", ""To breathe""]","[""To smell"", ""To breathe""]",Literal
6141,932,1,"What connects the words ""nose"" and ""knows"" in the title of this passage?","[""They are antonyms (words that are opposites in meaning)."", ""They are synonyms (different words that mean the same thing)."", ""They are homophones (words that sound the same, but look different)."", ""They are homographs (words that are spelled the same, but have different meanings).""]","[""They are homophones (words that sound the same, but look different).""]",Literal
6144,932,1,Which part of the text gives details about WHY a dog can smell while it breathes out?,"[""\""A dog’s nose has two air tubes. One is for breath. One is for smells.\"""", ""\""That means dogs can smell even when they breathe out!\""""]","[""\""A dog’s nose has two air tubes. One is for breath. One is for smells.\""""]",Literal
6145,933,1,"Based on this text, what do all mammals have?","[""Legs"", ""Ears"", ""Hair"", ""Tails""]","[""Hair""]",Literal
6146,933,1,Which group of animals is the main idea of this passage?,"[""Fish"", ""Mammals"", ""Reptiles"", ""Birds""]","[""Mammals""]",Literal
6147,933,1,What does this passage say about mammals that live in the sea?,"[""They have hair."", ""They are not mammals."", ""They can swim."", ""They have scales.""]","[""They have hair.""]",Literal
6150,934,1,What is the main topic of this passage?,"[""different kinds of bones"", ""human flight"", ""the meaning of the word \""hollow\"""", ""bird bones""]","[""bird bones""]",Literal
6151,934,1,"Based on the text, why are bird bones hollow?","[""Birds do not eat very much."", ""Bird bones are made out of stronger material than human bones."", ""Birds need to be able to fold up very small."", ""Birds have to be very light to fly.""]","[""Birds have to be very light to fly.""]",Literal
6152,934,1,"What does the word ""hollow"" mean?","[""Empty on the outside"", ""Empty on the inside"", ""Very light"", ""Made of bone""]","[""Empty on the inside""]",Literal
6155,935,1,"Based on the text, what do birds not have?","[""A bill"", ""Lips"", ""A beak"", ""A mouth""]","[""Lips""]",Literal
6157,935,4,What do birds have instead of lips? Select all that apply.,"[""Lips"", ""Beak"", ""Sucker"", ""Bill""]","[""Beak"", ""Bill""]",Literal
6158,935,1,Which sentence states what birds DO NOT have?,"[""\""No birds have lips.\"""", ""\""All birds have either a bill or a beak.\""""]","[""\""No birds have lips.\""""]",Literal
6160,936,1,What is the main idea of this passage?,"[""bamboo"", ""Bamboo is a fast growing plant."", ""fast growing plants"", ""things that can happen in a single day""]","[""Bamboo is a fast growing plant.""]",Literal
6164,936,1,"Based on the text, how high can bamboo grow in a day?","[""1 foot"", ""2 feet"", ""3 feet"", ""4 feet""]","[""3 feet""]",Literal
6165,937,1,Who is Hypnos?,"[""the Greek god of caves"", ""the Greek god of sleep"", ""the god of day and night"", ""the Roman god of caves""]","[""the Greek god of sleep""]",Literal
6168,937,1,Where does Hypnos live?,"[""In space"", ""In a cave"", ""In a house"", ""In a tree""]","[""In a cave""]",Literal
6171,938,4,From which culture(s) of myth do the stories of Eros come? Select all that apply.,"[""Roman"", ""Egyptian"", ""Greek"", ""Norse""]","[""Roman"", ""Greek""]",Literal
6174,938,1,Of what is Eros the god?,"[""Hearts"", ""Love"", ""Dreams"", ""Cards""]","[""Love""]",Literal
6175,943,1,What is the topic of this passage?,"[""U.S. presidents"", ""History"", ""George Washington"", ""American money""]","[""George Washington""]",Literal
6176,943,1,When did George Washington leave office?,"[""1789"", ""1797"", ""1879"", ""1798""]","[""1797""]",Literal
6178,943,1,Which form of American money has George Washington's face on it?,"[""The $100 bill"", ""The $1 bill"", ""The dime"", ""The quarter""]","[""The $1 bill""]",Literal
6180,949,4,Who built the first airplane? Select all that apply.,"[""Orville Redenbacher"", ""Wilbur Wrong"", ""Wilbur Wright"", ""Orville Wright""]","[""Wilbur Wright"", ""Orville Wright""]",Literal
6184,949,1,What did the Wright brothers do before they flew?,"[""They built the first airplane."", ""They failed at flying."", ""They gave up."", ""They built the first car.""]","[""They failed at flying.""]",Literal
6186,951,3,Put the historical events from the text into the correct order.,"[""Nobody had ever gone to space."", ""The year 1960 came around."", ""Belka and Strelka went to space for a day."", ""Belka and Strelka landed safely back on Earth.""]","[""Nobody had ever gone to space."", ""The year 1960 came around."", ""Belka and Strelka went to space for a day."", ""Belka and Strelka landed safely back on Earth.""]",Literal
6187,951,1,"What connects the names ""Belka"" and ""Strelka""? ","[""They rhyme."", ""They have the same starting sound."", ""They have the same number of letters."", ""They are homographs (words that look the same but have different meanings).""]","[""They rhyme.""]",Literal
6191,952,1,What was unusual about King Tut?,"[""He was a ruler in Egypt."", ""He was still a child when he was ruler."", ""He did not live in Egypt, even when he was its ruler."", ""He only ruled Egypt for nine years.""]","[""He was still a child when he was ruler.""]",Literal
6192,952,4,Select the two words from the text that are synonyms (different words that mean the same thing).,"[""Ruler"", ""Years"", ""Old"", ""King""]","[""Ruler"", ""King""]",Literal
6193,952,1,Which part of the text tells the reader WHAT PLACE King Tut was ruler of?,"[""\""King Tut was a ruler in Egypt.\"""", ""\""But he was only nine years old!\"""", ""\""King Tut\""""]","[""\""King Tut was a ruler in Egypt.\""""]",Literal
6194,952,1,How old was King Tut when he ruled Egypt?,"[""3 years old"", ""6 years old"", ""9 years old"", ""12 years old""]","[""9 years old""]",Literal
6195,953,1,Who was Mozart?,"[""A famous musician"", ""A famous king"", ""A famous queen"", ""A famous scientist""]","[""A famous musician""]",Literal
6199,953,1,How old was Mozart when he learned to play the piano?,"[""2"", ""5"", ""8"", ""12""]","[""5""]",Literal
6200,954,1,At what was Bobby Fischer the best?,"[""Setting records"", ""Fishing"", ""Checkers"", ""Chess""]","[""Chess""]",Literal
6204,954,1,"What does the word ""champion"" mean?","[""Someone who is very young"", ""Someone who has been all over the world"", ""Someone who is the very best at something"", ""Someone who is the very worst at something""]","[""Someone who is the very best at something""]",Literal
6205,955,3,Put the events of the story into the correct order.,"[""The black cat crossed the road."", ""Lyle froze on the spot."", ""Lyle's mouth hung open."", ""Lyle said, \""Oh no! That's bad luck! Really bad! I'm cursed!\""""]","[""The black cat crossed the road."", ""Lyle froze on the spot."", ""Lyle's mouth hung open."", ""Lyle said, \""Oh no! That's bad luck! Really bad! I'm cursed!\""""]",Literal
6214,956,1,What was Mel doing with her right hand?,"[""Beating the snare drum"", ""Crashing the cymbal"", ""Kicking the bass drum"", ""Waving to her fans""]","[""Crashing the cymbal""]",Literal
6220,958,4,Which part(s) of the text give details about the sound of the potion? Select all that apply.,"[""\""The cauldron hissed and spit.\"""", ""\""The potion's color changed: Blue! Red! Acid green!\"""", ""\""It smelled of mint...and moldy cheese.\"""", ""\""A strange sound rang from the pot. Faint voices sung within.\""""]","[""\""The cauldron hissed and spit.\"""", ""\""A strange sound rang from the pot. Faint voices sung within.\""""]",Literal
6221,958,4,Which part(s) of the text give details about the smell of the potion? Select all that apply.,"[""\""The cauldron hissed and spit.\"""", ""\""The potion's color changed: Blue! Red! Acid green!\"""", ""\""It smelled of mint… and moldy cheese.\"""", ""\""A strange sound rang from the pot. Faint voices sung within.\""""]","[""\""It smelled of mint… and moldy cheese.\""""]",Literal
6222,958,4,Which part(s) of the text give details about the look of the potion? Select all that apply.,"[""\""The cauldron hissed and spit.\"""", ""\""The potion's color changed: Blue! Red! Acid green!\"""", ""\""It smelled of mint… and moldy cheese.\"""", ""\""A strange sound rang from the pot. Faint voices sung within.\""""]","[""\""The potion's color changed: Blue! Red! Acid green!\""""]",Literal
6223,958,1,"Which word from the text is a synonym for ""cauldron""?","[""Potion"", ""Moldy"", ""Pot"", ""Faint""]","[""Pot""]",Literal
6225,960,1,Who are the main characters in this story?,"[""Two halves of a table"", ""Two tables"", ""Two table makers"", ""Two people sitting at a table""]","[""Two halves of a table""]",Literal
6228,960,1,"How do the words ""hole"" and ""whole"" relate to each other?","[""They are antonyms (words that mean opposite things)."", ""They are synonyms (different words that mean the same thing)."", ""They are homographs (words that look the same, but have different meanings)."", ""They are homophones (words that look different, but sound the same).""]","[""They are homophones (words that look different, but sound the same).""]",Literal
6232,959,1,Who is the narrator talking to?,"[""A sock"", ""A mitten"", ""The owner of a sock"", ""The owner of a mitten""]","[""A sock""]",Literal
6234,959,4,What does the sock say to try and prove that it is a mitten? Select all that apply.,"[""\""The sock was wrong.\"""", ""\""But I'm made of cloth.\"""", ""\""But I keep your fingers warm.\"""", ""\""My feet are on the ground.\""""]","[""\""But I'm made of cloth.\"""", ""\""But I keep your fingers warm.\""""]",Literal
6240,959,1,The sock says that it must be a mitten because it is made of cloth. How does the narrator argue with this point?,"[""By saying that the sock is not really made from cloth."", ""By saying that many things are made from cloth, not just mittens."", ""By saying that the sock is made out of a different kind of cloth than mittens."", ""By saying that feet go on the ground and hands go in the air.""]","[""By saying that many things are made from cloth, not just mittens.""]",Literal
6241,961,1,Who is the main character of this story?,"[""The river"", ""The sky"", ""Esh"", ""The forest""]","[""Esh""]",Literal
6242,961,1,Where did the river end?,"[""at the forest's edge"", ""at the sky's edge"", ""at the field's edge"", ""at the hill's edge""]","[""at the sky's edge""]",Literal
6257,965,1,"Why do the words ""lion"" and ""leapt"" in the title sound good together?","[""They rhyme."", ""They have the same starting sound."", ""They have the same ending sound."", ""They have the same vowel sound.""]","[""They have the same starting sound.""]",Literal
6258,965,3,Put Tom's actions into the correct order.,"[""Tom crashed through the brush."", ""Tom jumped."", ""Tom rolled."", ""Tom ducked.""]","[""Tom crashed through the brush."", ""Tom jumped."", ""Tom rolled."", ""Tom ducked.""]",Literal
6262,967,1,From what did the moth break free?,"[""A piece of ice"", ""A dungeon"", ""A cocoon"", ""A trap""]","[""A cocoon""]",Literal
6263,967,3,Put the events of the story into the correct order.,"["" It broke free of its cocoon. "", ""It spread its new wings."", ""It flew into the air."", ""It flew higher and higher."", ""It forgot who it had been before.""]","["" It broke free of its cocoon. "", ""It spread its new wings."", ""It flew into the air."", ""It flew higher and higher."", ""It forgot who it had been before.""]",Literal
6266,968,1,Who is the main character of this story?,"[""Reg"", ""Roger"", ""The plant"", ""None of the above""]","[""Reg""]",Literal
6267,968,4,"What do all of these sentences have in common: ""He saw it sprout. He saw it grow. He saw it bloom.""? Select all that apply.","[""They all end with the same word."", ""They all start with the same words."", ""They all describe what Reg saw while watching the plant."", ""They all describe what Reg did to help the plant.""]","[""They all start with the same words."", ""They all describe what Reg saw while watching the plant.""]",Literal
6268,968,4,"What do all of these sentences have in common: ""He measured it. He watered it. He turned it in the sun.""? Select all that apply.","[""They all end with the same word."", ""They all start with the same words."", ""They all describe what Reg saw while he was watching the plant."", ""They all describe what Reg did to help the plant.""]","[""They all end with the same word."", ""They all describe what Reg did to help the plant.""]",Literal
6271,969,1,Where did Niv find the folded note?,"[""under the book"", ""beside the book"", ""inside the book"", ""on top of the book""]","[""inside the book""]",Literal
6273,969,1,Who is the main character of this story?,"[""Niv"", ""The book"", ""The pages"", ""The folded note""]","[""Niv""]",Literal
6280,970,3,Put the events of the story into the correct order.,"[""The sun rose."", ""The doves lifted the girl out of bed."", ""The doves sang to the girl."", ""The doves gave the girl water."", ""The doves lay out a dress for the girl to wear."", ""The girl refused to wear the dress.""]","[""The sun rose."", ""The doves lifted the girl out of bed."", ""The doves sang to the girl."", ""The doves gave the girl water."", ""The doves lay out a dress for the girl to wear."", ""The girl refused to wear the dress.""]",Literal
6283,971,1,"To which sense does the word ""cooed"" relate?","[""sight"", ""sound"", ""smell"", ""taste""]","[""sound""]",Literal
6286,964,1,Who is the main character of this story?,"[""Winne"", ""The old man"", ""The gem quest"", ""The narrator""]","[""Winne""]",Literal
6294,964,3,Put the tasks Winnie and the old man have to do to escape into the correct order.,"[""Go to each cave."", ""Collect a gem from each cave."", ""Line up the gems in the right place at the right time."", ""Wait for the sunbeam to hit the gems the right way.""]","[""Go to each cave."", ""Collect a gem from each cave."", ""Line up the gems in the right place at the right time."", ""Wait for the sunbeam to hit the gems the right way.""]",Literal
7115,2,1,What does the book want?,"[""To be opened"", ""To be read"", ""To be closed"", ""To be left alone""]","[""To be read""]",Literal
7816,3,1,True or False: Philip is alone. ,"[""True"", ""False""]","[""False""]",Literal
7871,273,1,What was the broom going to do now that it was alive?,"[""sweep the floor"", ""fly off into the sky"", ""It wasn't sure.""]","[""It wasn't sure.""]",Literal
7872,271,1,To whom was the tree talking?,"[""An elf"", ""A wizard"", ""A dog"", ""The narrator""]","[""A wizard""]",Literal
7875,265,4,Which questions could NOT be answered by reading this passage?,"[""Who are the main characters in the passage?"", ""Did they catch the thief?"", ""Who were they trying to catch?"", ""What was the trap made out of?""]","[""Did they catch the thief?"", ""What was the trap made out of?""]",Literal
7876,262,1,Which question could be answered by reading this passage?,"[""What does the Elf like to do?"", ""Why was the Elf climbing the tree?"", ""Did the Elf hurt himself when he fell out of the tree?"", ""What type of tree was the Elf climbing?""]","[""What does the Elf like to do?""]",Literal
8039,852,4,Which of the following people are characters in the story?,"[""Mr. Lim"", ""Ms. Lim"", ""Arra"", ""Amanda""]","[""Ms. Lim"", ""Arra""]",Literal
8045,863,1,What is the genre of this passage?,"[""Historical Fiction"", ""Fantasy"", ""Mystery"", ""Poetry""]","[""Fantasy""]",Literal
8046,865,3,Put these events in the order they happened in the story.,"[""The ox liked to talk."", ""The ox liked to take long walks."", ""The ox liked to wear socks."", ""The ox opened is mouth.""]","[""The ox liked to wear socks."", ""The ox liked to take long walks."", ""The ox liked to talk."", ""The ox opened is mouth.""]",Literal
8050,885,1,True or False: The flame never went out.,"[""True"", ""False""]","[""True""]",Literal
8052,897,1,Who is the main character in this story?,"[""The wind"", ""Ady"", ""A wolf"", ""The window""]","[""Ady""]",Literal
8053,897,1,"According to this passage, what did Ady hear?","[""A dog"", ""A wolf"", ""A howl"", ""A radio""]","[""A howl""]",Literal
8054,900,4,What choices did dad give Taye?,"[""be wet and bored"", ""be dry and happy"", ""be wet and happy"", ""be dry and bored""]","[""be wet and happy"", ""be dry and bored""]",Literal
8055,900,1,How did Taye tell dad he was bored?,"[""He whispered."", ""He shouted."", ""He spoke in a normal tone."", ""He whined.""]","[""He shouted.""]",Literal
8056,905,1,What can Jing see from where she was in the tree?,"[""The breeze"", ""The yard next door"", ""The dog park"", ""Kids flying kites""]","[""The yard next door""]",Literal
8087,955,1,What did Lyle do when the black cat dashed across the road?,"[""He chased after it."", ""He screamed."", ""He froze."", ""He didn't do anything.""]","[""He froze.""]",Literal
8101,956,1,What was Mel doing with her left hand?,"[""Beating the snare drum"", ""Crashing the cymbal"", ""Kicking the base drum"", ""Waving to her fans""]","[""Beating the snare drum""]",Literal
8102,957,1,What did Greg see hanging from one of the leaves?,"[""A ribbon"", ""A dark, curly hair"", ""A piece of fuzz"", ""A grey piece of hair""]","[""A dark, curly hair""]",Literal
8103,957,1,What does Greg wish the plant could do?,"[""play games"", ""watch television"", ""talk"", ""sing""]","[""talk""]",Literal
8105,962,1,What did Lil wish she had with her?,"[""her pet bird"", ""her book"", ""her favorite shoes"", ""her jetpack""]","[""her jetpack""]",Literal
8106,962,1,What was the bird doing at the window?,"[""zooming by"", ""looking in at Lil"", ""pecking on the glass"", ""whizzing by""]","[""zooming by""]",Literal
8108,970,1,Which of the following did the doves NOT do?,"[""lifted the girl from the bed"", ""sang to the girl"", ""fixed breakfast for the girl"", ""laid out a dress for her to wear""]","[""fixed breakfast for the girl""]",Literal
8109,971,3,Put these events in the order they happened in the story.,"[""The fuzzy think cooed."", ""The fuzzy thing sat on Kal's shoulder"", ""The fuzzy thing sat in the palm of Kal's hand."", ""The fuzzy thing crawled up Kal's arm.""]","[""The fuzzy thing sat in the palm of Kal's hand."", ""The fuzzy think cooed."", ""The fuzzy thing crawled up Kal's arm."", ""The fuzzy thing sat on Kal's shoulder""]",Literal
8329,357,1,Which question is not answered in this passage?,"[""How does the child walk?"", ""How does the child swing?"", ""How does the child slither?"", ""How does the child gallop?""]","[""How does the child slither?""]",Literal
8815,959,1,Which sentence starts to change the mitten's mind?,"[""\""What about when you do a handstand?\"""", ""\""But I'm made of cloth.\"""", ""\""But I keep your fingers warm.\"""", ""\""My feet are on the ground,” I said. \""My hands are up here.”""]","[""\""What about when you do a handstand?\""""]",Literal
8816,964,1,What did they need to do with the gems?,"[""Use them for a bracelet"", ""Line them up"", ""Give them to the sun god""]","[""Line them up""]",Literal
8817,964,1,Where did they find the gems?,"[""In caves"", ""On the seashore"", ""In the sand""]","[""In caves""]",Literal
9046,295,1,Why did Marcie need to make sure her secrets were safe?,"[""She had heard someone in her bedroom."", ""She had been away all summer."", ""She was afraid her brother had found it.""]","[""She had been away all summer.""]",Literal
9047,295,1, What was missing from Marcie's secrets box?,"[""Her notebook"", ""The letter from her pen-pal"", ""Her photos""]","[""The letter from her pen-pal""]",Literal
9338,844,1,Which of the following do not describe the people Beth saw standing on the deck of the ship?,"[""Some had big hats."", ""Some wore jewelry of diamonds and colorful gems."", ""Some had pet parrots."", ""Some had a peg leg.""]","[""Some wore jewelry of diamonds and colorful gems.""]",Literal
9339,844,1,Who is the main character in this passage?,"[""The pirates"", ""The parrots"", ""Beth""]","[""Beth""]",Literal
