id,passageId,questionTypeId,question,potentialAnswers,correctAnswers
111,357,1,"Which word was at the end of this line: ""Hop like a _______.""","[""Snake"", ""Bunny"", ""Horse"", ""Frog""]","[""Bunny""]"
112,357,1,Which animal is in the story?,"[""Snail"", ""Cat"", ""Snake"", ""Bird""]","[""Snake""]"
113,357,1,Which of these words from the story has 3 syllables (beats)?,"[""Playground"", ""Cheetah"", ""Kangaroo"", ""Snake""]","[""Kangaroo""]"
114,357,1,Most of the animals in the story are zoo animals. Which of the animals below would NOT be in this group?,"[""Cows, pigs, horses"", ""Snakes, lizards, birds"", ""Lions, tigers, bears"", ""Giraffes, zebras, monkeys""]","[""Cows, pigs, horses""]"
115,357,1,Where is the child playing?,"[""School"", ""Playground"", ""Forest"", ""Beach""]","[""Playground""]"
116,357,1,How does the main character have fun at the playground?,"[""Pretending to be different animals."", ""Climbing on the monkey bars."", ""Running and playing tag."", ""Going on the swings.""]","[""Pretending to be different animals.""]"
117,357,1,The child in the story is having: _________.,"[""Fun"", ""No fun"", ""A boring day"", ""A sad day""]","[""Fun""]"
118,357,1,Why do you think the author most likely wrote this story?,"[""To warn children about how slides and swings in the park can be dangerous."", ""To remind you to take turns when playing at the park."", ""To entertain you with a story about a kid at the park."", ""To remind you to go to the park soon.""]","[""To entertain you with a story about a kid at the park.""]"
119,357,1,Which of these things would someone NOT do at the playground?,"[""Go on the swings."", ""Dig in the sandbox."", ""Climb the monkey bars."", ""Wash the car.""]","[""Wash the car.""]"
141,288,1,What happened first in the story?,"[""The little girl looked up at the big rock."", ""The little girl asked, \""How am I going to make a rock sing?\"""", ""The little girl played drums on the rock."", ""The little girl kicked the rock.""]","[""The little girl looked up at the big rock.""]"
175,1,1,Zeus turned lo into ______.,"[""His wife."", ""A cat."", ""A pig."", ""A cow.""]","[""A cow.""]"
496,355,1,Where does bunny live?,"[""On the deck"", ""In a cage"", ""In the garden"", ""In a shed""]","[""In a cage""]"
497,355,1,What is a good lunch for bunny?,"[""Tomatoes"", ""Flowers"", ""Sticks"", ""Carrots""]","[""Carrots""]"
499,355,1,How does the author create a rhythm through the story?,"[""By repeating a word three times at the end of every second line."", ""By using rhyming pairs."", ""By using a string of words that all start with the same sound."", ""By using a string of words that all have the same vowel sound.""]","[""By repeating a word three times at the end of every second line.""]"
500,355,1,"If bunny was given a stick, a flower, a tomato, and a carrot all side by side, which do you think he would choose to eat?","[""The carrot"", ""The stick"", ""The tomato"", ""The flower""]","[""The carrot""]"
1180,4,1,Who is Zeus most likely angry with?,"[""The humans."", ""The darkness."", ""The sky."", ""Himself.""]","[""The humans.""]"
1194,1,1,Zeus turned lo into ______.,"[""His wife."", ""A cat."", ""A pig."", ""A cow.""]","[""A cow.""]"
1196,1,1,"What does the word ""whispered"" mean?","[""To speak in a normal voice."", ""To speak in a loud voice."", ""To shout."", ""To speak softly and quietly.""]","[""To speak softly and quietly.""]"
1197,1,1,Which question could NOT be answered by reading this passage?,"[""What did Zeus turn lo into?"", ""How did Zeus speak to lo?"", ""What is Zeus' wife's name?"", ""Both A and B.""]","[""What is Zeus' wife's name?""]"
1198,1,1,What happens to lo?,"[""Io is turned into a cow."", ""Nothing."", ""Zeus and lo run away."", ""Zeus and lo continue to talk.""]","[""Io is turned into a cow.""]"
1503,273,1,"What is the purpose of the ellipses (...) in the sentence, ""'But...um...so...what do I do now?'""?","[""To build suspense and mystery."", ""To show that the broom is uncertain and unsure."", ""To show that the broom is excited and jolly."", ""To help readers follow the rhythm of the poem.""]","[""To show that the broom is uncertain and unsure.""]"
1504,273,1,How does the broom feel about coming to life?,"[""He feels gleeful."", ""He feels uncertain."", ""First he feels gleeful, then he feels a bit uncertain."", ""First he feels uncertain, then he feels a bit gleeful.""]","[""First he feels gleeful, then he feels a bit uncertain.""]"
1505,273,1,What is the genre of this passage?,"[""Fantasy"", ""Nonfiction science"", ""Realistic fiction"", ""Historical fiction""]","[""Fantasy""]"
1506,273,1,"What aspects of this passage make it ""fantasy""?","[""The story contains a broom."", ""The story contains a broom that comes to life."", ""The story contains a talking broom."", ""Both B and C.""]","[""Both B and C.""]"
1507,273,1,Which of the titles could also work for this passage?,"[""The Dancing Broom"", ""The Talking Broom"", ""Harry and His Broom"", ""All of the above""]","[""The Talking Broom""]"
1508,273,1,Why did the author most likely write this passage?,"[""To teach you that objects can think and talk."", ""To explain to children how to use a broom to clean."", ""To entertain readers with a tale about a household object that comes to life."", ""To convince you to use your broom more.""]","[""To entertain readers with a tale about a household object that comes to life.""]"
1509,273,1,"Which of the following author's craft techniques were used to create an exciting, fast-moving mood in the passage?","[""The use of exclamation points."", ""The use of transition words like \""Suddenly\"""", ""The use of ellipses."", ""Both A and B.""]","[""Both A and B.""]"
1564,262,1,"Based on this passage, what do you think the elf likes to do?","[""Climb trees."", ""Make toys."", ""Design video games."", ""Run races.""]","[""Make toys.""]"
1565,262,1,Which description does NOT apply to the elf?,"[""Likes climbing trees."", ""Makes toys."", ""Was in the tree."", ""Bad at climbing trees.""]","[""Likes climbing trees.""]"
1566,262,1,Where does this story most likely take place?,"[""In the ocean"", ""In a forest"", ""In a school"", ""In a kitchen""]","[""In a forest""]"
1567,262,1,What is the meaning of the word “squeak” as it is used in this passage?,"[""The sound a mouse makes."", ""Something that is very very clean."", ""A high pitched voice."", ""The sound of shoes on the gym floor.""]","[""A high pitched voice.""]"
1568,262,1,Where was the elf BEFORE he spoke?,"[""In the tree."", ""In a toy factory."", ""Under the tree."", ""Running through the woods.""]","[""In the tree.""]"
1574,265,1,What were Marcia and Cody doing?,"[""Playing a game."", ""Setting a trap to catch the thief."", ""Studying in school."", ""Trying to steal something.""]","[""Setting a trap to catch the thief.""]"
1575,265,1,True or False: Cody was trying to catch the thief alone.,"[""True"", ""False""]","[""False""]"
1576,265,1,How would Marcia and Cody know if their plan worked?,"[""They would win first place at the science fair."", ""Marcia would get caught in the trap."", ""The thief would be caught in their trap."", ""They would be given an award from the mayor.""]","[""The thief would be caught in their trap.""]"
1577,265,1,"Based on the passage, who most likely created the idea of trapping the thief?","[""Marcia"", ""Cody"", ""Both of them"", ""Neither of them""]","[""Cody""]"
1578,265,1,Why do you think Marcia and Cody wanted to trap the thief?,"[""Because the thief had stolen something."", ""Because the thief had broken something."", ""Because the thief was their best friend."", ""Because they wanted to get to know the thief better.""]","[""Because the thief had stolen something.""]"
1608,271,1,What most likely happened between the oak tree and wizard right before this moment?,"[""The oak tree met the wizard for the first time."", ""The oak tree asked the wizard for a crazy favor."", ""The wizard asked the oak tree for a crazy favor."", ""The wizard gave the oak tree a gift.""]","[""The wizard asked the oak tree for a crazy favor.""]"
1610,271,1,"Reread this sentence: ""No tree in their right root would agree to that!"" The term ""right root"" is a joke based on which common saying?","[""Right foot"", ""Right arm"", ""Right mind"", ""Right eye""]","[""Right mind""]"
1611,271,1,What does the tree mean when it says “you have got to be kidding me!”?,"[""I believe you about what happened."", ""You have too many kids."", ""Jokes like that aren't funny."", ""I think you are joking.""]","[""I think you are joking.""]"
1834,288,1,The little girl DID NOT _________.,"[""Hum to the rock"", ""Kick the rock"", ""Play drums on the rock"", ""Sit on the rock""]","[""Sit on the rock""]"
1835,288,1,What did the little girl want the rock to do?,"[""Sing"", ""Dance"", ""Tell a story"", ""Roll over""]","[""Sing""]"
1836,288,1,Which kind of story is this?,"[""Thriller"", ""Historical Fiction"", ""Fable"", ""Biography""]","[""Fable""]"
1838,288,1,What happened first in the story?,"[""The little girl looked up at the big rock."", ""The little girl asked, \""How am I going to make a rock sing?\"""", ""The little girl played drums on the rock."", ""The little girl kicked the rock.""]","[""The little girl looked up at the big rock.""]"
1839,288,1,What is the same about the end of each part of the story?,"[""All the last words rhyme."", ""They all end with \""the big rock just sat there.\"""", ""All words in the last sentence start with the same letter."", ""They all describe what the girl is doing.""]","[""They all end with \""the big rock just sat there.\""""]"
1840,288,1,Why did the author most likely write this passage?,"[""To inform us that rocks can sing."", ""To persuade us to teach rocks to sing."", ""To entertain us.""]","[""To entertain us.""]"
1841,288,1,How did the little girl feel at the end of the story?,"[""Happy"", ""Excited"", ""Mad"", ""Sleepy""]","[""Mad""]"
1936,3,1,"What does it mean that Philip looked at the others with ""wide eyes""?","[""His eyelids were open very far."", ""His eyes were placed far apart on his head."", ""His eyelids were almost closed."", ""His eyes were rolling up in his head.""]","[""His eyelids were open very far.""]"
1937,3,1,"Which word is an antonym for ""screamed""?","[""Shouted"", ""Said"", ""Sang"", ""Whispered""]","[""Whispered""]"
1998,265,1,"Based on the title, what do you think this story is most focused on?","[""The thief"", ""Cody"", ""Marcia"", ""A trap""]","[""A trap""]"
1999,265,1,How do you think Marcia feels in this passage?,"[""Happy"", ""Anxious"", ""Embarrassed"", ""Sad""]","[""Anxious""]"
2021,271,1,"Reread this phrase: ""No tree in their right root!"" Which of the following phrases is that line most likely based on?","[""\""I'll be bark.\"""", ""\""One small step for trees, one giant leap for tree kind.\"""", ""\""No one has a root!\"""", ""\""No one in their right mind!\""""]","[""\""No one in their right mind!\""""]"
2022,271,1,"The title of this passage contains the word ""disdainful"". Based on the passage, what do you think the word ""disdainful"" means?","[""Showing a lack of respect"", ""Stained glass"", ""Half full"", ""Very tall""]","[""Showing a lack of respect""]"
2023,271,1,"Choose the correct word to finish this sentence from the passage: ""The great oak tree looked down at the small wizard in his pointy _____.""","[""Hoodie"", ""Hat"", ""Boots"", ""Cloak""]","[""Hat""]"
2024,271,1,What is the most likely setting for this passage?,"[""A city"", ""A forest"", ""A desert"", ""A clearing""]","[""A forest""]"
2025,271,1,What do you think happened in the story right before this scene?,"[""The wizard insulted the tree."", ""The tree insulted the wizard."", ""The tree offered the wizard a deal."", ""The wizard offered the tree a deal.""]","[""The wizard offered the tree a deal.""]"
2247,2,1,What is the most likely genre of this story?,"[""Fantasy"", ""Nonfiction"", ""Historical Fiction"", ""Science Fiction""]","[""Fantasy""]"
2248,2,1,"What does the word ""boomed"" mean here?","[""Exploded"", ""Recorded sound"", ""Spoke in a loud voice"", ""The sound of thunder""]","[""Spoke in a loud voice""]"
2249,2,1,Why did the book's pages flutter?,"[""Because there was a breeze."", ""Because the book was trying to get someone's attention."", ""Because the book was trying to fly away."", ""Because the book had fallen off of a high shelf.""]","[""Because the book was trying to get someone's attention.""]"
2486,295,1,What is a “pen-pal”?,"[""Friends from different planets."", ""Friends who both keep secret boxes."", ""Friends who exchange letters but don't live in the same place."", ""Friends who both went to summer camp.""]","[""Friends who exchange letters but don't live in the same place.""]"
2487,295,1,Which description of Marcie’s secrets box is NOT correct? ,"[""It was a shoebox."", ""It was blue and red."", ""It had her name on it."", ""Something inside the box was missing.""]","[""It was blue and red.""]"
2488,295,1,True or false: Marcie's mood ring was missing.,"[""True"", ""False""]","[""False""]"
4445,3,1,The mood of this passage is ________.,"[""Hopeful"", ""Calm"", ""Scary"", ""Sad""]","[""Scary""]"
4464,4,1,"Which of Zeus' actions creates the mood of ""danger""?","[""Zeus threw a lighning bolt down to Earth."", ""Zeus was angry."", ""The humans were scared."", ""Zeus was raging.""]","[""Zeus threw a lighning bolt down to Earth.""]"
4465,4,1,What is the mood of this passage?,"[""Dull"", ""Endangerment"", ""Hopeful"", ""Inspiring""]","[""Endangerment""]"
4637,4,1,Which question would be most helpful for a reader to ask themselves when reading this passage?,"[""What does it feel like to be tired?"", ""What does it feel like to be curious?"", ""What does it feel like to be angry?"", ""What does it feel like to be happy?""]","[""What does it feel like to be angry?""]"
4641,4,1,What question would a good reader be wondering after reading this passage?,"[""Why did the sky light up white?"", ""Why were the humans scared?"", ""Why did the lightning bolt come down to Earth?"", ""Why was Zeus angry?""]","[""Why was Zeus angry?""]"
4695,3,1,What question might the reader of this story ask themselves?,"[""What did Philip see that scared him so much?"", ""What color are Philip's eyes?"", ""Does Philip have a loud voice when he yells?"", ""Is Philip on a boat?""]","[""What did Philip see that scared him so much?""]"
4697,3,1,Which question would the reader NOT be likely to ask after reading this passage?,"[""What did Philip see that scared him so much?"", ""Who is Philip talking to?"", ""Will they get away in time?"", ""Does Philip have a loud voice?""]","[""Does Philip have a loud voice?""]"
5621,355,1,"Why does the author use the words ""crunch,"" ""munch,"" and ""chomp""?","[""To remind the reader chew their food."", ""To show the actors what actions to do."", ""To show the sounds of bunny eating."", ""To show what bunny was thinking.""]","[""To show the sounds of bunny eating.""]"
5628,833,1,What is the main character's name?,"[""Stacey"", ""Macy"", ""The river"", ""It is impossible to know""]","[""It is impossible to know""]"
5629,833,1,What is the setting of this scene?,"[""A hallway"", ""A backyard"", ""A river"", ""A classroom""]","[""A river""]"
5630,833,1,What is the girl/woman in the story doing?,"[""Looking for someone"", ""Playing a game"", ""Drowning"", ""Riding in a boat""]","[""Looking for someone""]"
5631,833,1,"What does the word ""splash"" describe about the water?","[""The taste of the water"", ""The sound of the water"", ""The smell of the water"", ""The temperature of the water""]","[""The sound of the water""]"
5632,836,1,How many characters are in this scene?,"[""1"", ""2"", ""3"", ""4""]","[""2""]"
5633,836,1,Where does this scene take place?,"[""A house"", ""A cave"", ""A lighthouse"", ""It is impossible to know""]","[""A cave""]"
5635,836,1,Why do you think the voice is angry?,"[""Because they live in a cave."", ""Because Ted can't find the light switch."", ""Because they lost the light switch."", ""Because Ted is in their cave.""]","[""Because Ted is in their cave.""]"
5636,836,1,"Why is the word ""MY"" in capital letters?","[""Because it is at the beginning of a sentence."", ""Because it is a short form (acronym)."", ""To show that the character is saying it loudly."", ""To show that the character is saying it in their head.""]","[""To show that the character is saying it loudly.""]"
5637,837,1,Who is the main character of this story?,"[""Sam"", ""Sab"", ""San"", ""Sal""]","[""Sal""]"
5638,837,1,Why did the trees shake and the ground rumble?,"[""Because the wind was blowing."", ""Because the stampede was coming."", ""Because there was an earthquake."", ""Because there was an explosion.""]","[""Because the stampede was coming.""]"
5639,837,1,"What is a ""stampede""?","[""A kind of race or sport"", ""A flock of birds"", ""A group of animals all running together"", ""A hurricane""]","[""A group of animals all running together""]"
5643,840,1,Sam and the lion were probably ______________.,"[""jumping up and down"", ""standing on their tip-toes"", ""underground"", ""crouching low to the ground""]","[""crouching low to the ground""]"
5644,840,1,What will most likely happen next?,"[""The lion will attack Sam."", ""Sam will attack the lion."", ""They will walk away from each other."", ""They will keep staring at each other.""]","[""The lion will attack Sam.""]"
5645,840,1,Which word pairs start with the same sound?,"[""Sam saw"", ""The lion"", ""Through the"", ""And the""]","[""Sam saw""]"
5646,840,1,How do the first two words of this passage match the last two words?,"[""They are exactly the same, in the same order."", ""They are exactly the same, in reverse order."", ""They rhyme with each other."", ""They do not match at all.""]","[""They are exactly the same, in reverse order.""]"
5648,841,1,"What does Rob mean by ""my heart says right""?","[""His heart can talk."", ""He has heartburn."", ""He feels sad."", ""He believes they should go right, not left.""]","[""He believes they should go right, not left.""]"
5649,841,1,Where is the map leading them?,"[""To Rob's heart"", ""To Rob's mom"", ""To hidden treasure"", ""Home""]","[""To hidden treasure""]"
5650,841,1,"Why are some sentences inside of quotation marks ("")?","[""To show that a character is speaking."", ""To show that a character is angry."", ""To show that a character is thinking."", ""To help the reader separate sentences.""]","[""To show that a character is speaking.""]"
5651,841,1,What does Rob's mom say?,"[""That they should go right."", ""That they should go left."", ""That Rob is always right."", ""The Rob's heart is full of hidden treasure.""]","[""The Rob's heart is full of hidden treasure.""]"
5652,844,1,"Who do you think is saying ""Pirates!""?","[""Beth"", ""The pirates"", ""The parrots"", ""Somebody else""]","[""Beth""]"
5654,844,1,Why is Beth most likely looking through a crack in the door?,"[""Because she can't get the door open."", ""Because she is hiding."", ""Because the pirates are shy."", ""Because she is on a boat.""]","[""Because she is hiding.""]"
5656,848,1,What was Silas doing?,"[""Following a trail in a forest."", ""Following a trail of paw prints."", ""Following a person."", ""Following a trail of footprints.""]","[""Following a trail of footprints.""]"
5657,848,1,Whose footprints was Silas following?,"[""His dad's"", ""A friend's"", ""A thief's"", ""His own""]","[""A thief's""]"
5658,848,1,Which action happened first?,"[""The thief walked by."", ""Silas walked by.""]","[""The thief walked by.""]"
5659,848,1,What does Silas want to do?,"[""Help the thief escape."", ""Catch the thief."", ""Become a thief."", ""Race the thief.""]","[""Catch the thief.""]"
5661,846,1,True or False: Jen knows where the crime scene is.,"[""True"", ""False""]","[""False""]"
5663,846,1,What does Jen want to do?,"[""Commit a crime."", ""Solve a crime."", ""Write a story."", ""Climb a tree.""]","[""Solve a crime.""]"
5664,846,1,Which of the following sentences is NOT a question?,"[""\""Where do I look for clues?\"""", ""\""In a tree?\"""", ""\""In a closet?\"""", ""\""Under the bed?\"""", ""\""I don't even know where the crime scene is!\""""]","[""\""I don't even know where the crime scene is!\""""]"
5665,846,1,"What is a ""crime scene""?","[""The person who committed a crime."", ""The person who solves a crime."", ""The place where a crime happened."", ""A play about a crime.""]","[""The place where a crime happened.""]"
5666,849,1,What was Gabby doing?,"[""Looking for a golden ring"", ""Trying to hide a golden ring"", ""Practicing her swim moves"", ""Playing in the waves""]","[""Looking for a golden ring""]"
5667,849,1,Where does this story take place?,"[""In the air"", ""In a tree"", ""Underground"", ""Underwater""]","[""Underwater""]"
5668,849,1,"Which sentence could best replace: ""All was dark and silent"" in the story?","[""\""All was black and noisy.\"""", ""\""All was dim and quiet.\"""", ""\""All was light and cheerful.\"""", ""\""All was evil and hushed.\""""]","[""\""All was dim and quiet.\""""]"
5670,849,1,"Reread the sentence: ""At last she saw it."" What does the word ""it"" stand in for here?","[""Gabby"", ""The ocean floor"", ""A rock"", ""The ring""]","[""The ring""]"
5672,851,1,What do you think most likely happens next in the story?,"[""Other people hear the loud noise and come find Levi and David."", ""Levi and David get to the drawer and sneak away without being heard."", ""Levi turns on the lights and shouts \""SURPRISE!\"""", ""Levi and David sit quietly on the floor.""]","[""Other people hear the loud noise and come find Levi and David.""]"
5673,851,1,"Which sense does the word ""CRASH"" relate to?","[""Sight"", ""Sound"", ""Smell"", ""Taste""]","[""Sound""]"
5674,851,1,"Why is the word ""CRASH"" written all in uppercase letters?","[""To show that somebody was yelling it."", ""To show that it happened very quickly."", ""To show that the sound was really loud."", ""To show that it's a word the reader should remember for later.""]","[""To show that the sound was really loud.""]"
5675,851,1,Which character tripped and dropped the flashlight?,"[""Levi"", ""David"", ""Other""]","[""David""]"
5676,852,1,"What does this sentence mean? ""Arra kept her lips shut tight so no secrets would fall out.""","[""Arra was trying not to tell any secrets by mistake."", ""Arra had secrets written on pieces of paper in her mouth."", ""Arra was embarrassed about what she had just said."", ""Arra was trying to tell Ms. Lim a secret.""]","[""Arra was trying not to tell any secrets by mistake.""]"
5677,852,1,What secret is Arra keeping from Ms. Lim?,"[""That she knows where Spot is."", ""That she knows who Spot is."", ""That she knows who Ms. Lim is."", ""That her name is Arra.""]","[""That she knows where Spot is.""]"
5678,852,1,Which word does Arra keep repeating when answering Ms. Lim's questions?,"[""Arra"", ""Do"", ""Yes"", ""No""]","[""No""]"
5679,852,1,Which in this story do you think is the adult?,"[""Spot"", ""Arra"", ""Ms. Lim""]","[""Ms. Lim""]"
5680,852,1,What does Ms. Lim want?,"[""She wants Arra to keep a secret for her."", ""She wants Arra to tell her where Spot is."", ""She wants Arra to keep other people's secrets."", ""She wants Arra to tell her who Spot is.""]","[""She wants Arra to tell her where Spot is.""]"
5681,858,1,Who is the main character of this story?,"[""The sun"", ""The lion"", ""The sky"", ""A mirror""]","[""The lion""]"
5683,858,1,"Which word could best replace ""proud"" in this sentence: ""The proud lion looked up at the sun.""?","[""Noble"", ""Cocky"", ""Shy"", ""Stupid""]","[""Cocky""]"
5685,858,1,Which word best describes how the lion sees himself?,"[""Ugly"", ""Cocky"", ""Beautiful"", ""Humble""]","[""Beautiful""]"
5686,859,1,How do you think the cactus is feeling?,"[""Upset"", ""Excited"", ""Relaxed"", ""Surprised""]","[""Upset""]"
5687,859,1,"What makes the words ""mushy mess"" sound good together?","[""They have the same vowel sound."", ""They have the same starting sound."", ""They have the same ending sound."", ""They rhyme.""]","[""They have the same starting sound.""]"
5688,859,1,"The word ""cried"" is used in the text instead of the word ""said."" Why?","[""To show that the cactus was upset as he spoke."", ""To show that the cactus was calm as he spoke."", ""To show that the cactus was crying, not speaking."", ""There is no reason.""]","[""To show that the cactus was upset as he spoke.""]"
5690,859,1,Who is speaking in this scene?,"[""The narrator"", ""An unnamed character"", ""The cactus"", ""The porcupine""]","[""The cactus""]"
5691,863,1,"Based on the title, what is this story likely about?","[""The rise of dragons"", ""How our world began"", ""A child named \""Shadow\"""", ""How shadows came to be""]","[""How shadows came to be""]"
5693,863,1,"In this story, where did shadows come from?","[""The shadow world"", ""Our world"", ""The daytime"", ""None of the above""]","[""The shadow world""]"
5694,863,1,"In the story, why did shadows become part of our world?","[""Because they wanted to take over."", ""Because they wanted to be with us."", ""Because they didn't like the shadow world."", ""It does not say.""]","[""It does not say.""]"
5695,863,1,"The phrase ""used to be"" means this part of the story happened __________.","[""In the past"", ""In the present"", ""In the future""]","[""In the past""]"
5697,864,1,Who was looking at the marble?,"[""The cat"", ""The marble"", ""The girl"", ""The bat""]","[""The cat""]"
5699,864,1,Which word describes how the marble would feel to the touch?,"[""Smooth"", ""Glass"", ""Yellow"", ""Winked""]","[""Smooth""]"
5700,864,1,"What does this phrase mean? ""A streak of yellow shot through it.""","[""The cat had yellow eyes."", ""The marble was shot with a yellow beam."", ""The marble had a streak of yellow in it."", ""The cat had a streak of yellow in it.""]","[""The marble had a streak of yellow in it.""]"
5702,865,1,"Which phrase from the story rhymes with ""oxen""?","[""\""Wear socks\"""", ""\""Ox liked\"""", ""\""Up wide\"""", ""\""Rocks in\""""]","[""\""Rocks in\""""]"
5703,865,1,Which phrase from the story is repeated 3 times?,"[""\""The ox liked\"""", ""\""Loooooooong talks\"""", ""\""So the ox\"""", ""\""But the other oxen\""""]","[""\""The ox liked\""""]"
5704,865,1,"Why is the word ""long"" written with so many extra Os in it?","[""To show that the word should be read loudly."", ""To show that the word should be stretched out when read."", ""To show that the word should be read quietly."", ""It was most likely a mistake.""]","[""To show that the word should be stretched out when read.""]"
5705,865,1,Why did the ox open his mouth?,"[""To yawn"", ""To eat something"", ""So the other oxen could throw rocks in"", ""To have a long talk""]","[""To have a long talk""]"
5707,866,1,Where does this story most likely take place?,"[""In the ocean"", ""In a city park"", ""In a jungle"", ""In a house""]","[""In a jungle""]"
5708,866,1,Who is the main character in this story?,"[""The chimp"", ""The sky"", ""The tree"", ""The bat""]","[""The chimp""]"
5710,869,1,What did the spell do?,"[""Lock all the doors."", ""Unlock all the doors."", ""Show which door to open."", ""Show which door was locked.""]","[""Unlock all the doors.""]"
5711,869,1,"Which sense does the word ""whoosh"" relate to?","[""Sight"", ""Sound"", ""Smell"", ""Touch""]","[""Sound""]"
5712,869,1,"Why is the word ""WHOOSH"" written in all uppercase letters?","[""To show that it should be read loudly."", ""To show that it should be read quietly."", ""To show that it should not be read out loud."", ""To show that a character is speaking.""]","[""To show that it should be read loudly.""]"
5713,869,1,"Why is the word ""WHOOSH"" written in italics (slanted letters)?","[""To show that this word is a stage direction."", ""To show that this word should not be read aloud."", ""To show that this word should be read with emphasis."", ""To show that this word is important to remember later.""]","[""To show that this word should be read with emphasis.""]"
5715,870,1,What is the problem in this story?,"[""The dragon thinks the knight cannot defeat her."", ""The knight wants to slay the dragon."", ""The knight is angry that the dragon came to his place."", ""The dragon is angry that the knight came to her place.""]","[""The dragon is angry that the knight came to her place.""]"
5716,870,1,Which object is likely the closest in size to the dragon? Use the hints in the story to help you.,"[""A chair"", ""A shoe"", ""A building"", ""A car""]","[""A building""]"
5717,870,1,"Who said: ""You should not have come here. This place is ours.”?","[""The knight"", ""The dragon"", ""A third character"", ""It is impossible to know""]","[""The dragon""]"
5718,870,1,Which sentence gives details about what the dragon looks like?,"[""\""Her large yellow eye was as tall as the knight.\"""", ""\""The dragon bent down.\"""", ""\""Then she said: 'You should not have come here. This place is ours.'”"", ""\""She looked at him.\""""]","[""\""Her large yellow eye was as tall as the knight.\""""]"
5719,870,1,How do you think the knight felt in this scene?,"[""Excited"", ""Annoyed"", ""Calm"", ""Afraid""]","[""Afraid""]"
5721,872,1,Where did Clemt put the ring?,"[""On his finger"", ""He gave it to the wizard"", ""In his pocket"", ""It disappeared""]","[""In his pocket""]"
5723,872,1,What does Clemt want to know?,"[""How to use the ring"", ""When to use the ring"", ""Who the wizard is"", ""What he is supposed to do""]","[""When to use the ring""]"
5724,872,1,"Why are some sentences written between quotation marks ("")?","[""To show that a character is thinking these words."", ""To show that a character is speaking these words."", ""To show that these words should be read with emphasis."", ""To show that these words should be read quietly.""]","[""To show that a character is speaking these words.""]"
5725,875,1,Was is unusual about the rain on planet Plimp?,"[""It rains a lot."", ""It never rains."", ""It rains underwear."", ""It rains socks.""]","[""It rains socks.""]"
5726,875,1,Which setting (place) is this story about?,"[""Planet Earth"", ""Planet Plimp"", ""Planet Plump"", ""Planet Sock""]","[""Planet Plimp""]"
5727,875,1,Why would it be a bad day when it rains dirty socks?,"[""Because they would smell bad."", ""Because they would smell good."", ""Because you would get wet."", ""Because your feet would get cold.""]","[""Because they would smell bad.""]"
5728,875,1,"Which feature connects the word ""socks"" to the word ""not""?","[""They rhyme with each other."", ""They have the same end sound."", ""They have the same starting sound."", ""They have the same vowel sound.""]","[""They have the same vowel sound.""]"
5729,875,1,What happens on a GOOD day on planet Plimp?,"[""It doesn't rain."", ""It rains clean socks."", ""It rains dirty socks."", ""It rains water.""]","[""It rains clean socks.""]"
5730,876,1,Who built the robot?,"[""The robot"", ""Elsie"", ""Wendy"", ""None of the above""]","[""Wendy""]"
5732,876,1,How is Wendy going to find out what her robot does?,"[""By asking it"", ""By asking Elsie"", ""By turning it on"", ""By looking it up online""]","[""By turning it on""]"
5733,876,1,How do you think Wendy feels in this scene?,"[""Excited"", ""Surprised"", ""Angry"", ""Relaxed"", ""Scared""]","[""Excited""]"
5735,881,1,Who does Tlonk think is an alien?,"[""Tlonk"", ""Mina"", ""Everyone else on their planet"", ""Nobody""]","[""Mina""]"
5736,881,1,"Why is the word ""I'm"" written in italics (slanted letters) in the first sentence of the text?","[""To show that Tlonk was saying it with emphasis."", ""To show that Tlonk was thinking it."", ""To show that Tlonk was saying it quietly."", ""To show that Tlonk didn't mean it.""]","[""To show that Tlonk was saying it with emphasis.""]"
5737,881,1,What does Mina think about Tlonk saying she's an alien?,"[""She thinks it's mean."", ""She thinks it's true."", ""She thinks it's funny."", ""She thinks it's offensive.""]","[""She thinks it's funny.""]"
5738,881,1,True or False: Mina and Tlonk are the same species.,"[""True"", ""False""]","[""False""]"
5739,882,1,What is happening in this scene?,"[""Perry is doing a test on alien dung."", ""Perry is showing Dr. Gupta around the space lab."", ""Dr. Gupta is showing Perry around the space lab."", ""None of the above.""]","[""Dr. Gupta is showing Perry around the space lab.""]"
5740,882,1,"What hint about the story can we get from the title, ""Space Lab""?","[""The main character"", ""The setting (place)"", ""The problem"", ""An important object""]","[""The setting (place)""]"
5741,882,1,Why do you think Perry took a big step back?,"[""Because he was scared."", ""Because he was bored."", ""Because he was interested."", ""Because he was grossed out.""]","[""Because he was grossed out.""]"
5742,882,1,Who works at the lab?,"[""Perry"", ""Dr. Gupta"", ""Both of them"", ""Neither of them""]","[""Dr. Gupta""]"
5743,882,1,"Who said ""A test on alien dung""?","[""Dr. Gupta"", ""Perry"", ""An alien"", ""The narrator""]","[""Dr. Gupta""]"
5745,883,1,Who is the main character of this story?,"[""Mars"", ""The tallest building Dawn had seen"", ""The red rocket"", ""Dawn""]","[""Dawn""]"
5746,883,1,How do you think Dawn feels about going to Mars?,"[""Angry"", ""Sad"", ""Excited"", ""Bored""]","[""Excited""]"
5747,883,1,"Which feature of the rocket does this sentence tell us about? ""Taller than the tallest building Dawn had seen.""","[""Its size"", ""Its shape"", ""Its color"", ""Its weight""]","[""Its size""]"
5748,883,1,Where is Dawn going?,"[""Underwater"", ""Underground"", ""Into space"", ""Into the future""]","[""Into space""]"
5750,884,1,"""Rob rolled to work."" What does the word ""rolled"" tell us about Rob?","[""That Rob moves on wheels."", ""That Rob moves on feet."", ""That Rob moves on tentacles."", ""That Rob can't move.""]","[""That Rob moves on wheels.""]"
5753,884,1,"What is the same about all three of these sentences? ""Rob woke himself up. Rob made himself toast. Rob rolled to work.""","[""They all use the word \""himself.\"""", ""They all start with the same word."", ""They all end with the same word."", ""They all have the same number of syllables (beats).""]","[""They all start with the same word.""]"
5755,885,1,"Why is the word ""ever"" written in italics (slanted letters)?","[""To show that this word is important to remember."", ""To show this word is in a different language."", ""To show that this word has to be read aloud."", ""To show emphasis.""]","[""To show emphasis.""]"
5756,885,1,"Which genre of story usually starts with the phrase, ""Once upon a time""?","[""Science Fiction"", ""Fairy Tales"", ""Adventure"", ""Biography""]","[""Fairy Tales""]"
5757,885,1,"Why do the words ""never"" and ""ever"" sound good together?","[""Because they start with the same sound."", ""Because they mean the same thing."", ""Because they rhyme."", ""Because they are homophones.""]","[""Because they rhyme.""]"
5758,885,1,"Why do the words ""forever"" and ""flame"" sound good together?","[""Because they have the same vowel sound."", ""Because they end with the same sound."", ""Because they rhyme."", ""Because they start with the same sound.""]","[""Because they start with the same sound.""]"
5759,887,1,What is the problem in this story?,"[""The boy wants to pass over the troll's bridge, but the troll won't let him."", ""The troll wants to pass over the boy's bridge, but the boy won't let him."", ""The troll and the boy want to pass over a bridge, but they have to answer a riddle first."", ""The boy and the troll can remember the riddle they wrote.""]","[""The boy wants to pass over the troll's bridge, but the troll won't let him.""]"
5760,887,1,"Why does the troll say ""Uhhh""?","[""Because he does not speak English."", ""Because he is thinking."", ""Because he is singing."", ""Because he is trying to scare the boy.""]","[""Because he is thinking.""]"
5762,887,1,What is the troll trying to do at the end of this passage?,"[""Tell the boy a riddle"", ""Fight the boy"", ""Remember his riddle"", ""Take a test""]","[""Remember his riddle""]"
5764,888,1,What is this passage about?,"[""A witch casting a spell."", ""A witch making a magic stew."", ""A woman cooking dinner."", ""A woman fixing old clothes.""]","[""A witch making a magic stew.""]"
5767,888,1,"Which feature connects the words ""grass"" and ""hat""?","[""They have the same starting sound."", ""They have the same vowel sound."", ""They have the same end sound."", ""They rhyme.""]","[""They have the same vowel sound.""]"
5769,889,1,"What connects all of these word pairs from the text: ""grow/crow,"" ""ear/cheer,"" ""floor/roar""?","[""They are homophones (words that sound the same but look different)."", ""They have the same starting sound."", ""They are synonyms (different words that mean the same thing)."", ""They rhyme.""]","[""They rhyme.""]"
5770,889,1,What is the same about the first three sentences of this text?,"[""They all start with the phrase, \""Everyone came to see the girl...\"""", ""They all start with the phrase, \""People came from...\"""", ""They all rhyme."", ""They all end with the same word.""]","[""They all start with the phrase, \""People came from...\""""]"
5771,889,1,Why did so many people come to see the girl?,"[""Because her hair wouldn't stop growing."", ""Because she didn't have any hair."", ""Because she had the power to make other people's hair grow."", ""Because she had magic powers.""]","[""Because her hair wouldn't stop growing.""]"
5772,889,1,"What do the words ""crow,"" ""cheer,"" and ""roar"" have in common, as they are used in the text?","[""They all rhyme."", ""They are all homophones (words that sound the same but have different meanings)."", ""They are all words that mean \""said loudly.\"""", ""They are all words that mean \""said quietly.\""""]","[""They are all words that mean \""said loudly.\""""]"
5774,892,1,Who was cursed?,"[""The swan"", ""The queen"", ""Both"", ""Neither""]","[""The swan""]"
5775,892,1,Who lifted the curse?,"[""The swan"", ""The queen"", ""Both"", ""Neither""]","[""The queen""]"
5777,892,1,Who is the main character of this story?,"[""The swan"", ""The queen"", ""The bread"", ""None of the above""]","[""The queen""]"
5780,894,1,"Which word or phrase means the same thing as ""Nuh-uh,"" as Naya uses it?","[""\""Oh yes\"""", ""\""Maybe\"""", ""\""That's right\"""", ""\""No way\""""]","[""\""No way\""""]"
5781,894,1,Why don't they want to go near the house?,"[""Because someone mean lives there."", ""Because they think it's haunted."", ""Because their parents told them not to."", ""Because they think a monster lives there.""]","[""Because they think it's haunted.""]"
5782,894,1,"What does it mean that the house is ""haunted""?","[""Ghosts live there"", ""Ghosts know about it"", ""It was built by ghosts"", ""Ghosts never go there""]","[""Ghosts live there""]"
5783,894,1,"Which movement would Milo likely be doing when he said ""We don't go near that house""?","[""Waving at the house"", ""Winking at the house"", ""Giving a thumbs up to the house"", ""Pointing to the house""]","[""Pointing to the house""]"
5786,896,1,True or False: This story is being told by the lady next door.,"[""True"", ""False""]","[""False""]"
5789,897,1,How do you think Ady is feeling?,"[""Relaxed"", ""Excited"", ""Scared"", ""Curious""]","[""Scared""]"
5790,897,1,What is the most likely reason for Ady's window being dark? ,"[""He painted it black."", ""It is nighttime. "", ""The sun is covered by clouds."", ""His curtains are closed.""]","[""It is nighttime. ""]"
5791,897,1,"Why do the words ""heard"" and ""howl"" sound good next to each other?","[""Because they rhyme."", ""Because they end with the same sound."", ""Because they have the same vowel sound."", ""Because they start with the same sound.""]","[""Because they start with the same sound.""]"
5792,897,1,"Which sense does the word ""howl"" relate to?","[""Sight"", ""Smell"", ""Sound"", ""Taste""]","[""Sound""]"
5793,897,1,"What does the word ""whispered"" mean?","[""Spoke in whiny voice"", ""Spoke softly and quietly"", ""Spoke loudly and clearly"", ""Shouted""]","[""Spoke softly and quietly""]"
5794,898,1,Which word would best describe a shadow?,"[""Hot"", ""Bright"", ""Dark"", ""Bumpy""]","[""Dark""]"
5795,898,1,"The words ""longer and ""wider"" describe the shadow's __________.","[""Size and shape"", ""Height and weight"", ""Color and pattern"", ""Thickness and depth""]","[""Size and shape""]"
5796,898,1,"Why did the author repeat the word ""grew"" in this sentence: ""It grew and grew""?","[""In case the reader didn't see it the first time."", ""Because together they make an even bigger word."", ""To show that the shadow kept on growing."", ""It was likely a mistake.""]","[""To show that the shadow kept on growing.""]"
5797,898,1,How big did the shadow grow to be?,"[""The size of the house"", ""The size of the town"", ""The size of a car"", ""The size of the world""]","[""The size of the town""]"
5798,898,1,What is this story about?,"[""A spooky town."", ""A town that wouldn't stop growing."", ""A garden that wouldn't stop growing."", ""A shadow that wouldn't stop growing.""]","[""A shadow that wouldn't stop growing.""]"
5799,899,1,What is the mood of this passage?,"[""Silly"", ""Spooky"", ""Joyful"", ""Calm""]","[""Spooky""]"
5800,899,1,Why is it strange that someone giggled?,"[""Because Tim was not trying to be funny."", ""Because nobody in this story can laugh."", ""Because Tim hates giggles."", ""Because Tim thought he was alone.""]","[""Because Tim thought he was alone.""]"
5801,899,1,"What feature connects the words ""talked"" and ""walked""?","[""They rhyme."", ""They have the same starting sound."", ""They start with the same letter."", ""They sound different, but mean the same thing.""]","[""They rhyme.""]"
5804,900,1,"What choice does Dad mean when he says ""dry and bored""?","[""Stay in the house"", ""Go out in the rain"", ""Sit through a boring class"", ""Go swimming""]","[""Stay in the house""]"
5805,900,1,"What choice does Dad mean when he says ""wet and happy""?","[""Stay inside the house"", ""Go out in the rain"", ""Sit through a boring class"", ""Go swimming""]","[""Go out in the rain""]"
5806,900,1,Where is this scene most likely taking place?,"[""Out in the yard"", ""On a beach"", ""Inside their house"", ""At school""]","[""Inside their house""]"
5807,900,1,"Why is the word ""bored"" written all in uppercase letters?","[""To show that Taye was doing an action."", ""To show that Taye was speaking."", ""To show that Taye was speaking loudly."", ""To show that Taye was thinking.""]","[""To show that Taye was speaking loudly.""]"
5808,900,1,Why is Taye bored?,"[""Because the rain meant he couldn't play inside."", ""Because his Dad wouldn't play with him."", ""Because all his friends were away."", ""Because the rain meant he couldn't play outside.""]","[""Because the rain meant he couldn't play outside.""]"
5810,901,1,"Which sense does the word ""snapped"" most relate to when used in the sentence: ""She snapped on her gloves""?","[""Smell"", ""Taste"", ""Touch"", ""Sound""]","[""Sound""]"
5812,901,1,What was Kay getting ready for?,"[""An adventure"", ""A sports match"", ""A battle"", ""She didn't know""]","[""She didn't know""]"
5813,901,1,Who is the main character of this story?,"[""May"", ""Kate"", ""Kay"", ""Klay""]","[""Kay""]"
5814,902,1,What are these characters doing?,"[""Visiting the zoo"", ""Playing baseball"", ""Playing tennis"", ""Performing a play""]","[""Playing baseball""]"
5815,902,1,Who is the main character in this story?,"[""Amir"", ""The pitcher"", ""The narrator"", ""The bat""]","[""Amir""]"
5816,902,1,How do you think Amir is feeling?,"[""Relaxed"", ""Confident"", ""Surprised"", ""Nervous""]","[""Nervous""]"
5817,902,1,Why did the author use an ellipsis [...] in the last sentence?,"[""To show that the last sentence had ended"", ""To show a very quick pause"", ""To show that and action happens here"", ""To show a long pause""]","[""To show a long pause""]"
5818,902,1,Which position is Amir playing?,"[""Pitcher"", ""Batter"", ""First-base"", ""Catcher""]","[""Batter""]"
5820,903,1,"Complete this sentence: Based on the text, Aida is ___________ the horse.","[""Taller than"", ""Shorter than"", ""The same as"", ""None of the above""]","[""Shorter than""]"
5821,903,1,True or False: The horse was as tall as a building.,"[""True"", ""False""]","[""False""]"
5822,903,1,"When Aida says, ""You want me to ride this thing,"" what is the ""thing""?","[""The horse"", ""The building"", ""The elevator"", ""The ferris wheel""]","[""The horse""]"
5823,903,1,Who is telling this story?,"[""The horse"", ""Aida"", ""The narrator""]","[""The narrator""]"
5825,833,1,"What does it mean that she ""looked this way and that""?","[""She looked with one eye open, and one eye closed."", ""She looked up and down."", ""She looked standing on one foot, and then the other foot."", ""She looked to the left, and to the right.""]","[""She looked to the left, and to the right.""]"
5826,844,1,Where is Beth?,"[""In a costume store"", ""At home"", ""On a pirate ship"", ""In an airplane""]","[""On a pirate ship""]"
5827,865,1,"Why is the word ""long"" written with so many extra Os in it in the text?","[""To show the reader that it should be read loudly."", ""To show the reader that it should be stretched out when read."", ""To show the reader that it should be read quietly."", ""It is a mistake.""]","[""To show the reader that it should be stretched out when read.""]"
5829,905,1,Who is Jing talking to?,"[""Her dad"", ""Her mom"", ""Her brother"", ""Herself""]","[""Herself""]"
5830,905,1,What is the problem in this story?,"[""Jing is stuck under a tree."", ""Jing is stuck hanging from a tree branch."", ""Jing is stuck on the roof."", ""Jing is stuck on the fence.""]","[""Jing is stuck hanging from a tree branch.""]"
5831,905,1,How is Jing most likely feeling?,"[""Frustrated"", ""Excited"", ""Scared"", ""Surprised""]","[""Scared""]"
5832,905,1,What is Jing trying to do?,"[""Climb down from the branch"", ""Swing into her neighbour's yard"", ""Call for help"", ""Calm herself down""]","[""Calm herself down""]"
5833,905,1,What will likely happen if Jing lets go of the branch?,"[""She will fall down and hurt herself."", ""She will climb higher in the tree."", ""She will land on a trampoline."", ""She will swing into her neighbor's yard.""]","[""She will fall down and hurt herself.""]"
5834,906,1,What are these boys doing?,"[""Eating candy"", ""Trick-or-treating"", ""Trading candy"", ""Making candy""]","[""Trading candy""]"
5837,906,1,"What does Youssef mean when he says ""I was born ready""?","[""\""I'm too young for this\"""", ""\""Yes, I'm ready\"""", ""\""No, I'm not ready\"""", ""\""I don't think you're ready\""""]","[""\""Yes, I'm ready\""""]"
5838,906,1,Which color of candy does Youssef NOT have? ,"[""Orange"", ""Red"", ""Green"", ""Purple"", ""Blue""]","[""Green""]"
5839,910,1,What are Elle and John talking about?,"[""The moon"", ""Cheese"", ""Spaceships"", ""A man""]","[""The moon""]"
5840,910,1,"What does Elle mean when she says ""No clue""?","[""\""I do\"""", ""\""Nobody knows\"""", ""\""I don't know\"""", ""\""Everyone knows\""""]","[""\""I don't know\""""]"
5842,910,1,Which word would best describe these two characters?,"[""Cruel"", ""Curious"", ""Beautiful"", ""Shy""]","[""Curious""]"
5843,910,1,True or False: This story takes place before the first humans walked on the moon.,"[""True"", ""False""]","[""True""]"
5845,914,1,"Which word is ""'bout"" a short form of?","[""About"", ""Around"", ""Boat"", ""Boot""]","[""About""]"
5846,914,1,What hint about the story can we get from its title?,"[""The setting (place)"", ""The main character"", ""The plot"", ""An important object""]","[""The main character""]"
5847,914,1,"Which meaning of the word ""rose"" is used in this sentence: ""Dust rose around his boots.""?","[""A kind of flower"", ""A number of things in a straight line"", ""To move from lower to higher"", ""A kind of pink""]","[""To move from lower to higher""]"
5848,914,1,What had the cowboy likely been doing just before this scene?,"[""Riding his horse"", ""Walking beside his horse"", ""Driving a car"", ""Walking to town""]","[""Riding his horse""]"
5850,916,1,Why would Hans need a map and compass?,"[""Because he is going somewhere he has never been before."", ""Because he might want to buy something."", ""Because he might want to write something down."", ""Because they help him to sleep.""]","[""Because he is going somewhere he has never been before.""]"
5853,916,1,Where is Hans going?,"[""Home"", ""School"", ""A castle"", ""The text does not say""]","[""The text does not say""]"
5854,917,1,Where does this scene take place?,"[""In space"", ""In a school"", ""In a shop"", ""In a kitchen""]","[""In a shop""]"
5855,917,1,How do you think Mona is feeling in this scene?,"[""Curious"", ""Angry"", ""Upset"", ""Excited""]","[""Curious""]"
5856,917,1,"Which character says ""What's it for""?","[""Mona"", ""The shop owner"", ""Neither"", ""Both""]","[""Mona""]"
5857,917,1,What hints about this story can the reader get from its title?,"[""The plot"", ""The villain"", ""The main character"", ""An important object""]","[""An important object""]"
5859,918,1,What is Ida doing?,"[""Making up a new game"", ""Explaining the rules of a game"", ""Learning how to play a new game"", ""Playing a game""]","[""Explaining the rules of a game""]"
5861,918,1,"What does Ida mean when she says ""Get it""?","[""\""Do you understand?\"""", ""\""Go get it!\"""", ""\""Let's play!\"""", ""\""Do you want to play?\""""]","[""\""Do you understand?\""""]"
5862,918,1,What is most likely going to happen next in the story?,"[""Ida is going to play jacks by herself."", ""Ida is going to play jacks with someone else."", ""Ida is going to read a book."", ""Ida is going to go meet her friend, Jack.""]","[""Ida is going to play jacks with someone else.""]"
5863,918,1,"Why is the game called ""jacks""?","[""Because only people named Jack can play."", ""Because you use the jacks from a deck of cards to play."", ""Because you use objects called \""jacks\"" to play."", ""Because you call out \""jacks\"" when you play.""]","[""Because you use objects called \""jacks\"" to play.""]"
5864,919,1,Why is the cake special?,"[""Because they usually don't have enough sugar to bake a cake."", ""Because it was the biggest cake Papa had ever made."", ""Because the icing was decorated with many beautiful colors."", ""Because Papa used magic to make the cake.""]","[""Because they usually don't have enough sugar to bake a cake.""]"
5865,919,1,What has Papa been saving?,"[""Money"", ""Sugar"", ""Time"", ""Cakes""]","[""Sugar""]"
5866,919,1,"Which word means the same thing as ""Papa""?","[""Mother"", ""Father"", ""Sister"", ""Brother""]","[""Father""]"
5867,919,1,How is Papa feeling in this scene?,"[""Nervous"", ""Angry"", ""Bored"", ""Excited""]","[""Excited""]"
5868,919,1,What hints about the story can we get from the title?,"[""The main character"", ""The plot"", ""An important object"", ""The setting (the time and place)""]","[""An important object""]"
5869,923,1,Which culture does the myth of Bragi come from?,"[""Greek"", ""Egyptian"", ""Roman"", ""Norse""]","[""Norse""]"
5870,923,1,What is Bragi the god of?,"[""Bragging"", ""Poetry"", ""Norse"", ""Painting""]","[""Poetry""]"
5871,923,1,"The word ""myth"" is short for the word ______________.","[""Mythym"", ""Mythology"", ""Rhythm"", ""Mathematics""]","[""Mythology""]"
5872,923,1,Bragi is a ___________.,"[""Human"", ""God"", ""Dog"", ""Poem""]","[""God""]"
5873,923,1,"What does the word ""myth"" mean?","[""A very old culture or people."", ""Anything magical."", ""A cultural story that often involves magic or the supernatural."", ""A very long story.""]","[""A cultural story that often involves magic or the supernatural.""]"
5874,924,1,Which culture does the story of Tyr come from?,"[""Norse"", ""Egyptian"", ""Roman"", ""Greek""]","[""Norse""]"
5875,924,1,What is Tyr the god of?,"[""Poetry"", ""Mythology"", ""War"", ""Norse""]","[""War""]"
5876,924,1,Which object would be the best symbol for Tyr?,"[""An instrument"", ""A paintbrush"", ""An apple"", ""A weapon""]","[""A weapon""]"
5877,924,1,Which hint about the text can we get from the title?,"[""The setting (time and place)"", ""An important character or figure"", ""The plot"", ""An important object or symbol""]","[""An important character or figure""]"
5879,924,1,"True or False: Tyr was a real, historical figure.","[""True"", ""False""]","[""False""]"
6135,929,1,What is the topic of this passage?,"[""Sound in space"", ""Spaceships"", ""Sound effects"", ""Ears""]","[""Sound in space""]"
6136,929,1,"Which part of the text means the same thing as the word ""silent""?","[""\""There is\"""", ""\""no sound\"""", ""\""in space\"""", ""None of the above""]","[""\""no sound\""""]"
6137,929,1,"Why do the words ""silent"" and ""space"" in the title sound good together?","[""Because they rhyme"", ""Because they have the same vowel sound"", ""Because they have the same starting sound"", ""Because they have the same ending sound""]","[""Because they have the same starting sound""]"
6138,929,1,Which sense is most important to the topic of this text?,"[""Sight"", ""Smell"", ""Hearing"", ""Touch""]","[""Hearing""]"
6139,929,1,Which question is NOT answered by the text?,"[""Where is there no sound?"", ""Is there sound in space?"", ""Why is there no sound in space?""]","[""Why is there no sound in space?""]"
6141,932,1,"What connects the words ""nose"" and ""knows"" in the title of this passage?","[""They are antonyms (words that are opposites in meaning)."", ""They are synonyms (different words that mean the same thing)."", ""They are homophones (words that sound the same, but look different)."", ""They are homographs (words that are spelled the same, but have different meanings).""]","[""They are homophones (words that sound the same, but look different).""]"
6142,932,1,"Based on the text, what special thing do a dog's two nose tubes help them to do?","[""Smell while they breathe in"", ""Smell while they breathe out"", ""Smell things very far away"", ""Tell the difference between many kinds of smells""]","[""Smell while they breathe out""]"
6143,932,1,True or False: Human noses can also smell while they breathe out.,"[""True"", ""False""]","[""False""]"
6144,932,1,Which part of the text gives details about WHY a dog can smell while it breathes out?,"[""\""A dog’s nose has two air tubes. One is for breath. One is for smells.\"""", ""\""That means dogs can smell even when they breathe out!\""""]","[""\""A dog’s nose has two air tubes. One is for breath. One is for smells.\""""]"
6145,933,1,"Based on this text, what do all mammals have?","[""Legs"", ""Ears"", ""Hair"", ""Tails""]","[""Hair""]"
6146,933,1,Which group of animals is this passage about?,"[""Fish"", ""Mammals"", ""Reptiles"", ""Birds""]","[""Mammals""]"
6147,933,1,What does this passage say about mammals that live in the sea?,"[""That they have hair"", ""That they are mammals"", ""That they can swim"", ""That they have scales""]","[""That they have hair""]"
6148,933,1,Why do you think the author wrote this passage?,"[""To make the reader laugh"", ""To entertain the reader with a made-up story"", ""To teach the reader about mammals"", ""To change the reader's mind about the sea""]","[""To teach the reader about mammals""]"
6149,933,1,Which sentence states the main topic of the text?,"[""\""All mammals have hair.\"""", ""\""Even the ones that live in the sea.\""""]","[""\""All mammals have hair.\""""]"
6150,934,1,What is the main topic of this passage?,"[""Different kinds of bones"", ""Human flight"", ""The meaning of the word \""hollow\"""", ""Bird bones""]","[""Bird bones""]"
6151,934,1,"Based on the text, why are bird bones hollow?","[""Because birds do not eat very much."", ""Because bird bones are made out of stronger material than human bones."", ""Because birds need to be able to fold up very small."", ""Because birds have to be very light to fly.""]","[""Because birds have to be very light to fly.""]"
6152,934,1,"What does the word ""hollow"" mean?","[""Empty on the outside"", ""Empty on the inside"", ""Very light"", ""Made of bone""]","[""Empty on the inside""]"
6153,934,1,"Based on clues in the text, which kind of bones are lighter?","[""Hollow bones"", ""Not-hollow bones""]","[""Hollow bones""]"
6154,934,1,"Which meaning of the word ""light"" is being used in the sentence: ""Birds are very light.""?","[""Bright"", ""Pale"", ""Not heavy"", ""Not serious""]","[""Not heavy""]"
6155,935,1,"Based on the text, what do no birds have?","[""A bill"", ""Lips"", ""A beak"", ""A mouth""]","[""Lips""]"
6156,935,1,"Why is the word ""duck"" in the title of this passage?","[""Because ducks have lips"", ""Because ducks are a kind of bird"", ""Because the author's name is \""Duck\"""", ""Because this passage is only about ducks""]","[""Because ducks are a kind of bird""]"
6158,935,1,Which sentence states what birds DO NOT have?,"[""\""No birds have lips.\"""", ""\""All birds have either a bill or a beak.\""""]","[""\""No birds have lips.\""""]"
6159,935,1,"How does the phrase ""no birds"" relate to the phrase ""all birds""?","[""They mean the same thing"", ""They mean almost the same thing"", ""They mean slightly different things"", ""They are opposites""]","[""They are opposites""]"
6160,936,1,What is the main idea of this passage?,"[""Bamboo"", ""Bamboo is a fast growing plant"", ""Fast growing plants"", ""Things that can happen in a single day""]","[""Bamboo is a fast growing plant""]"
6162,936,1,"Which sentence gives detailed proof for the statement that bamboo grows ""very fast""?","[""\""Bamboo is a plant.\"""", ""\""It grows very fast.\"""", ""\""Some kinds grow three feet in one day!\""""]","[""\""Some kinds grow three feet in one day!\""""]"
6163,936,1,This passage suggests that bamboo grows __________ many other plants.,"[""Faster than"", ""Slower than"", ""At the same rate as""]","[""Faster than""]"
6164,936,1,"Based on the text, how high can bamboo grow in a day?","[""1 foot"", ""2 feet"", ""3 feet"", ""4 feet""]","[""3 feet""]"
6165,937,1,Who is Hypnos?,"[""The Greek god of caves"", ""The Greek god of sleep"", ""The god of day and night"", ""The Roman god of caves""]","[""The Greek god of sleep""]"
6166,937,1,Which item would be the best symbol to represent Hypnos?,"[""A bed"", ""A weapon"", ""A cave"", ""A flower""]","[""A bed""]"
6167,937,1,"True or False: ""the cave where day and night meet"" is not a real place.","[""True"", ""False""]","[""True""]"
6168,937,1,Where does Hypnos live?,"[""In space"", ""In a cave"", ""In a house"", ""In a tree""]","[""In a cave""]"
6169,937,1,"Why do you think Hypnos' cave is said to be where ""day and night meet""?","[""Because that is when sleep happens."", ""Because that is where all Greek gods live."", ""Because that is where caves are."", ""None of the above.""]","[""Because that is when sleep happens.""]"
6172,938,1,Which item would be the best symbol for Eros?,"[""A flower"", ""A book"", ""A heart"", ""A weapon""]","[""A heart""]"
6173,938,1,Which holiday is often connected to this character?,"[""Christmas"", ""Halloween"", ""Ramadan"", ""Valentine's Day""]","[""Valentine's Day""]"
6174,938,1,What is Eros the god of?,"[""Hearts"", ""Love"", ""Dreams"", ""Cards""]","[""Love""]"
6175,943,1,What is the topic of this passage?,"[""U.S. presidents"", ""History"", ""George Washington"", ""American money""]","[""George Washington""]"
6176,943,1,When did George Washington leave office?,"[""1789"", ""1797"", ""1879"", ""1798""]","[""1797""]"
6178,943,1,Which form of American money has George Washington's face on it?,"[""The $100 bill"", ""The $1 bill"", ""The dime"", ""The quarter""]","[""The $1 bill""]"
6179,943,1,True or False: This text is a work of fiction.,"[""True"", ""False""]","[""False""]"
6181,949,1,What lesson can the reader learn from the true story of the Wright Brothers?,"[""Sometimes the right thing to do is give up."", ""Even if you fail, if you keep trying you will likely succeed."", ""The tails are the most important part of a n airplane."", ""You should only ever work with your siblings.""]","[""Even if you fail, if you keep trying you will likely succeed.""]"
6182,949,1,"Why did the author repeat the phrase ""and again"" so many times?","[""To show that the brothers tried and failed many, many times."", ""To show that every time the brothers failed, they gave up."", ""To show that airplanes can fly very, very far."", ""To show that the planes would fly up, and then fall down.""]","[""To show that the brothers tried and failed many, many times.""]"
6183,949,1,Which part of the text shows details about HOW the brothers rebuilt the plane?,"[""\""Once there were two brothers: Orville and Wilbur Wright.\"""", ""\""But first they failed. They failed a lot. But they tried again. And again. And again.\"""", ""\""They built new wings. They built new tails.\"""", ""\""They tried and tried. Then one day, they flew!\""""]","[""\""They built new wings. They built new tails.\""""]"
6184,949,1,What did the Wright brothers do before they flew?,"[""They built the first airplane."", ""They failed at flying."", ""They gave up."", ""They built the first car.""]","[""They failed at flying.""]"
6185,951,1,What was special about Belka and Strelka?,"[""They were the first people in space."", ""They were the first dogs in space."", ""They were the first creatures from Earth in space."", ""They were Russian.""]","[""They were the first creatures from Earth in space.""]"
6187,951,1,"What connects the names ""Belka"" and ""Strelka""? ","[""They rhyme."", ""They have the same starting sound."", ""They have the same number of letters."", ""They are homographs (words that look the same but have different meanings).""]","[""They rhyme.""]"
6188,951,1,Which part of the text tells the reader WHEN Belka and Strelka went to space?,"[""\""Who took the first safe trip into space? People? Nope! Two Russian dogs!\"""", ""\""Their names were Belka and Strelka.\"""", ""\""The year was 1960.\"""", ""\""They spent a whole day up there. Then they came back safely.\""""]","[""\""The year was 1960.\""""]"
6189,951,1,"Why does the author begin by asking a question, and giving the wrong answer?","[""To show that they don't know what they are talking about."", ""Because they got confused."", ""To try and confuse the reader."", ""To show that what the reader might expect is not true.""]","[""To show that what the reader might expect is not true.""]"
6190,952,1,"Which meaning of the word ""ruler"" is being used in the sentence: ""King Tut was a ruler in Egypt.""?","[""A tool used to draw straight lines"", ""A tool used to measure distances"", ""A person who is the leader of a place or group"", ""None of the above""]","[""A person who is the leader of a place or group""]"
6191,952,1,What was unusual about King Tut?,"[""He was a ruler in Egypt."", ""He was still a child when he was ruler."", ""He did not live in Egypt, even when he was its ruler."", ""He only ruled Egypt for nine years.""]","[""He was still a child when he was ruler.""]"
6193,952,1,Which part of the text tells the reader WHAT PLACE King Tut was ruler of?,"[""\""King Tut was a ruler in Egypt.\"""", ""\""But he was only nine years old!\"""", ""\""King Tut\""""]","[""\""King Tut was a ruler in Egypt.\""""]"
6194,952,1,How old was King Tut when he ruled Egypt?,"[""3 years old"", ""6 years old"", ""9 years old"", ""12 years old""]","[""9 years old""]"
6195,953,1,Who was Mozart?,"[""A famous musician"", ""A famous king"", ""A famous queen"", ""A famous scientist""]","[""A famous musician""]"
6196,953,1,Which sentence shows the best proof that Mozart was extremely talented?,"[""\""He wrote music.\"""", ""\""He played music, too.\"""", ""\""So good that he played for kings and queens.\"""", ""\""He was a rock star (of the 1700s)!\""""]","[""\""So good that he played for kings and queens.\""""]"
6197,953,1,"What is meant by the phrase ""(of the 1700s)"" in the last sentence?","[""Mozart was 1700 years old."", ""Mozart lived during the 1700s."", ""Mozart played for crowds of 1700 and more."", ""Mozart wrote over 1700 pieces of music.""]","[""Mozart lived during the 1700s.""]"
6198,953,1,"Why is the phrase ""(of the 1700s)"" written in brackets ""( )""?","[""To show that the phrase is a side note."", ""To show that the phrase describes an action."", ""To show that the phrase should not be read aloud."", ""To show that the phrase is what somebody is thinking.""]","[""To show that the phrase is a side note.""]"
6199,953,1,How old was Mozart when he learned to play the piano?,"[""2"", ""5"", ""8"", ""12""]","[""5""]"
6200,954,1,What was Bobby Fischer the best at?,"[""Setting records"", ""Fishing"", ""Checkers"", ""Chess""]","[""Chess""]"
6201,954,1,What information can the reader get about this passage from the title?,"[""An object important to the subject"", ""The place and time of important events"", ""The name of the person who wrote the text"", ""The name of the person who the text is about""]","[""The name of the person who the text is about""]"
6203,954,1,What was unusual about Bobby Fischer?,"[""He loved chess."", ""He was extremely good at chess for someone so young."", ""He was great at chess, but never liked it."", ""It took him 14 tries to beat the world record in chess.""]","[""He was extremely good at chess for someone so young.""]"
6204,954,1,"What does the word ""champion"" mean?","[""Someone who is very young."", ""Someone who has been all over the world."", ""Someone who is the very best at something."", ""Someone who is the very worst at something.""]","[""Someone who is the very best at something.""]"
6207,955,1,What hints about the story get the reader get from the title?,"[""The setting (time and place)"", ""The main character"", ""An important object or symbol"", ""The plot""]","[""An important object or symbol""]"
6208,955,1,Why does Lyle think he is cursed?,"[""Because a black cat crossed his path."", ""Because he stopped walking."", ""Because his mouth hung open."", ""There is not enough information in the text.""]","[""Because a black cat crossed his path.""]"
6209,955,1,"What is the meaning of the word ""dash"" as it is used here: ""The black cat dashed across the road...""?","[""A small amount of something"", ""Something becoming ruined"", ""To run quickly"", ""To walk slowly""]","[""To run quickly""]"
6210,956,1,What is Mel doing in this story?,"[""Playing the guitar"", ""Playing the drums"", ""Playing music on the radio"", ""Play fighting""]","[""Playing the drums""]"
6211,956,1,"Why is the word ""loud"" written all in uppercase letters?","[""Because it is at the beginning of a sentence."", ""Because it is a proper noun."", ""To show that it is what Mel was thinking."", ""To show that it was really loud.""]","[""To show that it was really loud.""]"
6212,956,1,How do you think Mel is feeling?,"[""Happy"", ""Frustrated"", ""Relaxed"", ""Sad""]","[""Happy""]"
6213,956,1,What is the most likely reason for why Mel's drum sticks were sweaty?,"[""Because the room was too hot."", ""Because she was wearing too many sweaters."", ""Because she had already been playing the drums for a while."", ""Because she had been playing sports before.""]","[""Because she had already been playing the drums for a while.""]"
6214,956,1,What was Mel doing with her right hand?,"[""Beating the snare drum"", ""Crashing the cymbal"", ""Kicking the bass drum"", ""Waving to her fans""]","[""Crashing the cymbal""]"
6215,957,1,Who is Greg talking to?,"[""Himself"", ""The plant"", ""The hair"", ""The suspect""]","[""The plant""]"
6216,957,1,What is Greg trying to do?,"[""Solve a mystery or crime."", ""Make friends with a plant."", ""Find the hair that he lost."", ""Teach a plant to talk.""]","[""Solve a mystery or crime.""]"
6218,957,1,"Why does Greg say ""Aha!"" at the end of this passage?","[""Because he found a clue that would help him solve the crime."", ""Because he is annoyed that he could not solve the crime."", ""Because he realized he had dropped one of his own hairs."", ""Because he could not reach the hair.""]","[""Because he found a clue that would help him solve the crime.""]"
6219,957,1,"What does the ellipsis (...) mean in this sentence: ""If only you had eyes, that is...""?","[""Some words were left out of the text here."", ""The author wanted to leave the reader in suspense about what happens next."", ""Greg took a long pause in the middle of his sentence."", ""Greg trailed off at the end of his sentence.""]","[""Greg trailed off at the end of his sentence.""]"
6223,958,1,"Which word from the text is a synonym (different word that means the same thing), for ""cauldron""?","[""Potion"", ""Moldy"", ""Pot"", ""Faint""]","[""Pot""]"
6224,958,1,What is the question at the end of the passage asking about?,"[""Who owns this cauldron?"", ""Who is making this potion?"", ""Whose voices are singing from inside the cauldron?"", ""Who wrote this story?""]","[""Whose voices are singing from inside the cauldron?""]"
6225,960,1,Who are the main characters in this story?,"[""Two halves of a table"", ""Two tables"", ""Two table makers"", ""Two people sitting at a table""]","[""Two halves of a table""]"
6226,960,1,"What is the meaning of the word ""hole"" as it is used here: ""So they don't fall in the hole!""?","[""A hollow or empty place; a pit."", ""A complete or unbroken item"", ""One half of something"", ""A broken object""]","[""A hollow or empty place; a pit.""]"
6227,960,1,"What is the meaning of the word ""whole"" as it is used here: ""You know, two halves make a whole!""?","[""A hollow or empty place; a pit"", ""A complete or unbroken item"", ""One half of something"", ""A broken object""]","[""A complete or unbroken item""]"
6228,960,1,"How do the words ""hole"" and ""whole"" relate to each other?","[""They are antonyms (words that mean opposite things)."", ""They are synonyms (different words that mean the same thing)."", ""They are homographs (words that look the same, but have different meanings)."", ""They are homophones (words that look different, but sound the same).""]","[""They are homophones (words that look different, but sound the same).""]"
6229,960,1,"The joke in this passage is based on a _______, using the words ""hole"" and ""whole.""","[""Question"", ""Repetition"", ""Pun"", ""Typo""]","[""Pun""]"
6230,960,1,This story has pieces of a table talking to each other. This detail suggests that the story is likely _______.,"[""Fable"", ""News article"", ""Scientific article"", ""Work of realistic fiction""]","[""Fable""]"
6231,959,1,Who is telling this story?,"[""A sock"", ""A mitten"", ""The owner of a sock"", ""The owner of a mitten""]","[""The owner of a sock""]"
6232,959,1,Who is the narrator talking to?,"[""A sock"", ""A mitten"", ""The owner of a sock"", ""The owner of a mitten""]","[""A sock""]"
6233,959,1,What are the different views of the sock and the narrator?,"[""The sock thinks it is a sock, but the narrator does not agree."", ""The sock thinks it is a mitten, but the narrator does not agree."", ""The sock thinks it is a sock, and the narrator agrees."", ""The sock thinks it is a mitten, and the narrator agrees.""]","[""The sock thinks it is a mitten, but the narrator does not agree.""]"
6235,959,1,What does it mean when the narrator's sentences end with a long dash (–)?,"[""The narrator trails off at the end of their sentence."", ""The narrator takes a long pause in the middle of their sentence."", ""The sock is talking over the narrator."", ""The narrator is talking over the sock.""]","[""The sock is talking over the narrator.""]"
6237,959,1,What happens at the end of this story?,"[""The narrator gives up and agrees with the sock."", ""The sock gives up and agrees with the narrator."", ""The sock and the narrator agree to disagree."", ""The sock and the narrator get angry and walk away from each other.""]","[""The narrator gives up and agrees with the sock.""]"
6238,959,1,How do you think the narrator feels during most of this scene?,"[""Amused"", ""Bored"", ""Regretful"", ""Frustrated""]","[""Frustrated""]"
6239,959,1,Why do you think the narrator agrees with the sock at the end of the passage?,"[""Because the sock proved that she was right."", ""Because the narrator got confused."", ""Because the sock turned into a mitten."", ""Because the narrator thought it would make the sock happy.""]","[""Because the narrator thought it would make the sock happy.""]"
6240,959,1,The sock says that it must be a mitten because it is made of cloth. How does the narrator argue with this point?,"[""By saying that the sock is not really made from cloth."", ""By saying that many things are made from cloth, not just mittens."", ""By saying that the sock is made out of a different kind of cloth than mittens."", ""By saying that feet go on the ground and hands go in the air.""]","[""By saying that many things are made from cloth, not just mittens.""]"
6241,961,1,Who is the main character of this story?,"[""The river"", ""The sky"", ""Esh"", ""The forest""]","[""Esh""]"
6242,961,1,Where did the river end?,"[""At the forest's edge"", ""At the sky's edge"", ""At the field's edge"", ""At the hill's edge""]","[""At the sky's edge""]"
6243,961,1,"Which word could best replace ""ran"" in each of these sentences: ""The river ran through forests. It ran across fields. It ran down hills.""?","[""Sprinted"", ""Walked"", ""Flapped"", ""Flowed""]","[""Flowed""]"
6244,961,1,What hints about the story can the reader learn from its title?,"[""The setting (time and place)"", ""The main character"", ""The villain "", ""An important object or symbol""]","[""An important object or symbol""]"
6245,961,1,Which detail in the text suggests that this story is a fairy tale or fable?,"[""It is about rivers, which are not real things."", ""It includes the sky's edge, which is not a real place."", ""It is about Esh, who is not a real person."", ""It includes running, which is not a real activity.""]","[""It includes the sky's edge, which is not a real place.""]"
6246,962,1,Where does this story take place?,"[""In a train underground"", ""In a train in the sky"", ""In an airplane"", ""In a train on land""]","[""In a train in the sky""]"
6247,962,1,How do you think Lil is feeling?,"[""Bored"", ""Excited"", ""Sad"", ""Surprised""]","[""Bored""]"
6248,962,1,"Based on the details in the text, when does this story most likely take place?","[""The past"", ""The present"", ""The future""]","[""The future""]"
6249,962,1,"Which sense does the word ""whizzed"" most relate to?","[""Sight"", ""Smell"", ""Sound"", ""Taste""]","[""Sound""]"
6250,962,1,"Which word could best replace ""zoomed"" as it is used here: ""A bird zoomed by the window.""?","[""Floated"", ""Flew"", ""Ran"", ""Swam""]","[""Flew""]"
6251,963,1,What is a sundial?,"[""An object that tells time with shadows, based on how the sun moves through the sky."", ""A book about the sun."", ""An object that tells time only when it is cloudy."", ""A kind of telephone that tells you what the weather will be.""]","[""An object that tells time with shadows, based on how the sun moves through the sky.""]"
6252,963,1,Who was late?,"[""Troy"", ""Trey"", ""Noster"", ""Nestor""]","[""Nestor""]"
6253,963,1,"Who said, ""So what?""?","[""Troy"", ""Nestor"", ""Neither of the above""]","[""Troy""]"
6254,963,1,Why was Nestor late?,"[""Because he slept in."", ""Because he stopped to do some errands on the way."", ""Because he couldn't read his sundial, so he didn't know the time."", ""Because he couldn't read his sundial, so he didn't know how to find the temple.""]","[""Because he couldn't read his sundial, so he didn't know the time.""]"
6255,963,1,Where does this story take place?,"[""The sun"", ""Troy's house"", ""Nestor's house"", ""The temple""]","[""The temple""]"
6256,965,1,What is happening in this story?,"[""Tom is brushing a lion's mane."", ""Tom and the lion are playing together."", ""Tom is chasing a lion through the woods."", ""A lion is chasing Tom through the woods.""]","[""A lion is chasing Tom through the woods.""]"
6257,965,1,"Why do the words ""lion"" and ""leapt"" in the title sound good together?","[""They rhyme."", ""They have the same starting sound."", ""They have the same ending sound."", ""They have the same vowel sound.""]","[""They have the same starting sound.""]"
6259,965,1,What do you think will most likely happen if the lion catches up with Tom?,"[""The lion will attack Tom."", ""Tom will attack the lion."", ""They will become friends."", ""They will walk away from each other.""]","[""The lion will attack Tom.""]"
6260,965,1,"Which meaning of the word ""brush"" makes most sense for how it is used here: ""Tom crashed through the brush.""?","[""A tool used to tidy one's hair"", ""To touch gently"", ""The bushy tail of a fox"", ""A grouping of trees or bushes""]","[""A grouping of trees or bushes""]"
6262,967,1,What did the moth break free from?,"[""A piece of ice"", ""A dungeon"", ""A cocoon"", ""A trap""]","[""A cocoon""]"
6264,967,1,"Which meaning of the word ""rose"" makes most sense for the way it is used here: ""It flew into the air. It rose and rose.""?","[""A type of scented flower"", ""Moved from lower to higher"", ""A pink color"", ""A group of things arranged in lines""]","[""Moved from lower to higher""]"
6265,967,1,How do you think the moth felt?,"[""Happy"", ""Regretful"", ""Annoyed"", ""Angry""]","[""Happy""]"
6266,968,1,Who is the main character of this story?,"[""Reg"", ""Roger"", ""The plant"", ""None of the above""]","[""Reg""]"
6269,968,1,How did Reg feel about the plant?,"[""Disgusted"", ""Bored"", ""Curious"", ""Proud""]","[""Proud""]"
6270,968,1,True or False: Reg's plant will likely grow to be large and healthy.,"[""True"", ""False""]","[""True""]"
6271,969,1,Where did Niv find the folded note?,"[""Under the book"", ""Beside the book"", ""Inside the book"", ""On top of the book""]","[""Inside the book""]"
6272,969,1,What do you think Niv will most likely do next?,"[""Put the note back in the book and walk away."", ""Rip up the note into many pieces and throw them away."", ""Start writing on the note, over the gold \""X.\"""", ""Unfold the note to see what's inside.""]","[""Unfold the note to see what's inside.""]"
6273,969,1,Who is the main character of this story?,"[""Niv"", ""The book"", ""The pages"", ""The folded note""]","[""Niv""]"
6274,969,1,What hint about the story can the reader get from its title?,"[""The main character"", ""The setting (time and place)"", ""The villain"", ""An important object or symbol""]","[""An important object or symbol""]"
6275,969,1,Which word best describes this story?,"[""Nonfiction"", ""Mysterious"", ""Scary"", ""Romantic""]","[""Mysterious""]"
6276,970,1,"Why are the words ""ew"" and ""not"" written all in uppercase letters?","[""Because they are proper nouns"", ""Because they are at the beginning of a sentence"", ""To show that the girl is saying them in her head"", ""To show that the girl is saying them very loudly""]","[""To show that the girl is saying them very loudly""]"
6279,970,1,Which details from the text give hints that this story is likely a fairy tale?,"[""It is about the morning time."", ""There are birds that take care of a human girl."", ""There is a girl who is very rude."", ""There is some dialogue in it.""]","[""There are birds that take care of a human girl.""]"
6281,971,1,"The word ""squeaked"" tells the reader that the fuzzy thing's voice was ____________.","[""Deep and loud"", ""Small and high"", ""Fast and slurred"", ""Rough and choked""]","[""Small and high""]"
6282,971,1,Whose point of view is this story being told from?,"[""Kal's"", ""The fuzzy thing's""]","[""Kal's""]"
6283,971,1,"Which sense does the word ""cooed"" relate to?","[""Sight"", ""Sound"", ""Smell"", ""Taste""]","[""Sound""]"
6285,971,1,How do you think Kal is feeling?,"[""Angry"", ""Terrified"", ""Confused"", ""Bored""]","[""Confused""]"
6286,964,1,Who is the main character of this story?,"[""Winne"", ""The old man"", ""The gem quest"", ""The narrator""]","[""Winne""]"
6287,964,1,Which statement is the best retelling of this story?,"[""Winne has to get the old man to tell her how she can escape from the caves."", ""Winnie and the old man have to escape in order to collect the gems they are searching for."", ""Winnie and the old man have to collect gems from the caves and set them up exactly right in order to escape."", ""The old man has to teach Winnie exactly how to find the caves where the gems are hidden, in order for her to make it in and out alive.""]","[""Winnie and the old man have to collect gems from the caves and set them up exactly right in order to escape.""]"
6288,964,1,What hints about the story can the reader get from its title?,"[""The main character"", ""The setting (time and place)"", ""The plot"", ""An important object or symbol""]","[""The plot""]"
6289,964,1,Which character knows more about what they need to do to escape?,"[""Winnie"", ""The old man""]","[""The old man""]"
6290,964,1,"Why is the word ""alive"" written in italics (slanted letters)?","[""To show that Winnie put focus on that word."", ""To show that Winnie was only thinking that word."", ""To show that Winnie did an action."", ""To show that that word is important to remember later.""]","[""To show that Winnie put focus on that word.""]"
6291,964,1,"Why is the word ""just"" written with so many extra ""u""s in this sentence: ""For the sun beam to hit them juuuuust right.”?","[""To show that Winnie paused in the middle of the word."", ""To show that Winnie was stretching out the word as she said it."", ""To show that Winnie was saying the word very loudly."", ""It was a mistake.""]","[""To show that Winnie was stretching out the word as she said it.""]"
6292,964,1,Which one of the characters is more talkative?,"[""Winnie"", ""The old man""]","[""Winnie""]"
6293,964,1,Why do many of Winnie's sentences end in a long dash (–)?,"[""To show that she trails off at the end of her sentences."", ""To show that she the one saying the next line as well."", ""To show who said which line."", ""To show that the old man is cutting her off.""]","[""To show that the old man is cutting her off.""]"
7115,2,1,What does the book want?,"[""To be opened"", ""To be read"", ""To be closed"", ""To be left alone""]","[""To be read""]"
